mutant,label
AAR2_A365T,0
AASS_P560S,0
AASS_K820R,0
AASS_G905E,0
AASS_G13R,0
AASS_D512N,0
AASS_R132H,1
AASS_M1I,1
AASS_P331L,0
AASS_I579F,0
AASS_N569S,0
ABL1_A337T,1
ABL1_Y226C,1
ABL1_G706V,0
ABL1_P230L,1
ABL1_V506M,1
ABL1_G254R,1
ABL1_A433T,1
ABL1_V506A,1
ABL1_E509K,1
ABL1_W99R,1
ABL1_P784L,1
ABL1_S990L,0
ABL1_G463D,1
ABL1_A397V,1
ABL1_N331D,0
ABL1_S749L,0
ABL1_Q916K,0
ABL1_R697C,0
ABL1_R630C,0
ABL1_V722I,0
ABL1_A647V,0
ABL1_R542G,0
ABL1_S915L,0
ABL1_R31Q,0
ABL1_T781M,0
ABL1_S679A,0
ABL1_R332Q,0
ABL1_R674W,0
ABL1_W48S,1
ABL1_D504G,1
ABL1_E702K,0
ABL1_T204A,0
ABL1_S884L,0
ABL1_G626S,0
ABL1_V1031M,0
ABL1_R738W,0
ABL1_N331S,0
ABL1_A1038V,0
ABL1_R764G,0
ABL1_P580L,0
ABL1_A654D,0
ABL1_A1042T,0
ABL1_G634S,0
ABL1_V959M,0
ABL1_S772C,0
ABL1_G583S,0
ABL1_R682Q,0
ABL1_A923G,0
ABL1_E373D,0
ABL1_N94K,0
ABL1_N812T,0
ABL1_I1043V,0
ABL1_G1025S,0
ABL1_N812K,0
ABL1_A602T,0
ABL1_A137S,0
ABL1_D739N,0
ABL1_Y93C,0
ABL1_E635K,0
ABL1_A647T,0
ABL1_P760L,0
ABL1_P628L,0
ABL1_R764W,0
ABL1_R1021Q,0
ABL1_A922V,0
ABL1_A1102V,0
ABL1_A647D,0
ABL1_V938L,0
ABL1_R47H,0
ABL1_G671V,0
ABL1_P869S,0
ABL1_T544N,0
ABL1_A1026T,0
ABL1_T743M,0
ABL1_V547M,0
ABL1_A56T,0
ABL1_T751I,0
ABL1_S1115T,0
ABL1_R220H,0
ABL1_A1023T,0
ABL1_P899S,0
ABL1_G1030S,0
ABL1_K799R,0
ABL1_E872D,0
ABL1_N664S,0
ABL1_E292V,1
ACER3_V52I,0
ACER3_I181V,0
ACKR1_R124H,0
ACOX2_I238T,0
ACOX2_R35W,0
ACOX2_G284S,0
ACOX2_M396V,0
ACOX2_V33M,0
ACOX2_P61L,0
ACOX2_A316T,0
ACOX2_R614C,0
ACOX2_S302L,0
ACOX2_R82Q,0
ACTN1_Q734R,1
ACTN1_L547P,1
ACTN1_D531V,1
ACTN1_R46W,1
ACTN1_M748K,1
ACTN1_H622Y,1
ACTN1_R450H,1
ACTN1_R450C,1
ACTN1_A432V,1
ACTN1_K398T,1
ACTN1_Q329R,1
ACTN1_V328M,1
ACTN1_K324E,1
ACTN1_R738G,1
ACTN1_R320Q,1
ACTN1_G194R,0
ACTN1_N485S,0
ACTN1_R291H,0
ADA2_V349I,0
ADA2_R171W,0
ADA2_Y456C,1
ADA2_P435A,0
ADA2_R230Q,0
ADA2_N370K,1
ADA2_R169W,1
ADA2_V458D,1
ADA2_G47R,1
ADA2_H335R,0
ADA2_M1K,1
ADA2_M1T,1
ADA2_H112Y,1
ADA2_E328D,1
ADA2_C408Y,1
ADPRS_T79P,1
ADPRS_S177L,1
ADPRS_L162P,1
AFF4_P529L,0
AFF4_Q185L,0
AFF4_T136P,0
AFF4_T1107A,0
AFF4_P890L,0
AFF4_P824S,0
AFF4_S277T,0
AFF4_R225G,0
AFF4_N158H,0
AFF4_S703L,0
AFF4_I643V,0
AFF4_G143S,0
AFF4_R725T,0
AFF4_G829R,0
AFF4_M260V,1
AFF4_M379V,0
AFF4_V590I,0
AFF4_S174C,0
AFF4_A575S,0
AFF4_P253L,1
ALG14_A11T,0
ALG14_V14M,0
ALG14_N79H,0
ALPK1_T237M,1
ALPK1_Q67R,0
ALPK1_R873I,0
ALPK1_L1117P,0
ALPK1_H642R,0
ALPK1_M732I,0
ALPK1_G565D,0
ALPK1_M861T,0
ALPK1_D845N,0
ALPK1_C316S,0
ALPK1_G689E,0
ALPK1_A1013T,0
ALPK1_S902R,0
ALPK1_T1026M,0
ALPK1_V863I,0
ALPK1_F545L,0
ALPK1_M638V,0
ALPK1_P318T,0
ALPK1_S581R,0
ALPK1_V1032I,0
ALPK1_R1231C,0
ALPK1_Y1033C,0
ALPK1_V114L,0
ALPK1_T458A,0
ALPK1_S710F,0
ALPK1_P888A,0
ALPK1_P1237T,0
ALPK1_R973C,0
ALPK1_G681D,0
ALPK1_G870S,0
ALPK1_E910D,0
ALPK1_N916D,0
ALPK1_S924C,0
ALPK1_P293Q,0
ALPK1_P660L,0
ALPK1_G766R,0
ALPK1_E968D,0
ALPK1_P962L,0
ALPK1_P1132T,0
ALPK1_K383E,0
ALPK1_M523I,0
ALPK1_D647E,0
ALPK1_S504N,0
ALPK1_P751L,0
ALPK1_T292M,0
ALPK1_R1009G,0
ALPK1_D632H,0
ALPK1_E417V,0
ALPK1_C818Y,0
ALPK1_D845H,0
ALPK1_H369L,0
ALPK1_G940V,0
ALPK1_T1106I,0
ALPK1_A780G,0
ALPK1_N175D,0
ALPK1_S187R,0
ALPK1_E1101K,0
ALPK1_F1217L,0
ALPK1_G87R,0
ALPK1_T374A,0
ALPK3_H65R,0
ALPK3_R59G,0
ALPK3_Q400R,0
ALPK3_T559M,0
ALPK3_A1355D,0
ALPK3_A1355T,0
ALPK3_T81M,0
ALPK3_P36L,0
AMHR2_R463C,1
AMHR2_A168T,1
AMHR2_R59H,0
AMHR2_R33W,0
AMHR2_R548Q,0
AMHR2_R495W,1
AMHR2_M1I,1
AMHR2_T447I,1
AMHR2_A168V,0
AMHR2_R71Q,0
AMHR2_R471C,0
AMHR2_A474T,0
AP1G2_R736Q,0
AP2M1_R170W,1
AP2M1_T299S,0
AP2M1_T134M,0
AP2M1_I159M,0
AP2M1_S17F,0
AP2M1_V303I,0
AP2M1_R199W,0
APOA4_S353A,0
APOA4_T367S,0
APOA4_S147N,0
APOA4_V13M,0
APOA4_E185K,0
APOA4_A161S,0
APOA4_N127K,0
APOA4_T367A,0
APOA4_E170Q,0
APOE_R154L,1
APOE_R165P,1
APOE_G183A,1
APOH_N75S,0
APOH_A160D,0
APOH_R154H,0
AQP1_V107G,0
AQP1_V107I,0
AQP1_G165D,0
AQP4_D184E,0
AQP4_I193T,0
AQP5_E247K,0
AQP5_R256Q,0
AQP5_G176R,1
AQP5_G241V,0
AQP5_V212M,0
AQP5_R265H,0
ARF1_K127E,1
ARF1_R99H,1
ARF1_T48I,1
ARF1_F51L,1
ARF1_P131R,1
ARF1_P131L,1
ARF1_R19C,1
ARF1_Y35D,1
ARF1_R99C,1
ARL3_R149C,1
ARL3_P135L,0
ARMC5_L156F,0
ARMC5_Q408R,0
ARMC5_P559L,0
ARMC5_G798A,0
ARMC5_A776T,0
ARMC5_S41G,0
ARMC5_A110T,0
ARMC5_R382H,0
ARMC5_G323A,0
ARMC5_R357C,0
ARMC5_A702E,1
ARMC5_P347S,0
ARSG_A11V,0
ARSG_I493T,0
ARSG_R95W,1
ARSG_L279V,0
ARSG_G435S,0
ARSG_Q400R,0
ARSG_V199M,0
ARSG_T236S,0
ARSG_W274R,0
ARSG_R326G,0
ARSG_R385H,0
ARSG_R398W,0
ARSG_T444M,0
ARSG_V256M,0
ARSL_R111H,1
ARSL_R111C,1
ARSL_A463T,1
ARSL_S156N,0
ARSL_M326T,1
ARSL_D470H,0
ARSL_F291L,0
ARSL_V222I,0
ARSL_V74M,0
ARSL_A35T,0
ARSL_L347F,0
ARSL_V398M,0
ARSL_R394H,0
ARSL_V235I,0
ARSL_G73S,1
ARSL_R420Q,0
ARSL_R285K,1
ARSL_R469W,0
ARSL_M454I,0
ARSL_P400L,0
ARSL_G317R,1
ARSL_T306A,1
ARSL_G144R,1
ARSL_R540Q,0
ARSL_I387L,0
ASCC1_S67T,0
ASCC1_D34N,0
ASCC1_V3A,0
ASH2L_I576V,1
ASH2L_A36V,0
ASIC5_M104I,0
ASXL2_Q1371K,0
ASXL2_C1410G,1
ASXL2_R1075Q,0
ASXL2_Q547R,0
ASXL2_A497T,0
ASXL2_C1225S,0
ASXL2_I798V,0
ASXL2_I537V,0
ASXL2_S185G,0
ASXL2_K177Q,0
ASXL2_P778A,0
ASXL2_R591H,0
ASXL2_D86E,0
ASXL2_R1034S,0
ASXL2_A684T,0
ASXL2_P463R,0
ASXL2_V644F,0
ASXL2_A544V,0
ASXL2_K127R,0
ASXL2_S871P,0
ASXL2_M1339V,0
ASXL2_F1110L,0
ASXL2_G713C,0
ASXL2_T1016M,0
ASXL2_K1060R,0
ASXL2_A1041P,0
ASXL2_G608E,0
ASXL2_V785I,0
ASXL2_S101N,0
ASXL2_P1297H,0
ASXL2_K209Q,0
ASXL2_T1016A,0
ASXL2_I360L,0
ASXL2_M1373V,0
ASXL2_D802N,0
ASXL2_S118G,0
ASXL2_T776P,1
ATG5_I65V,0
ATG5_M129V,0
ATOH7_R65G,0
AVIL_P322S,0
AVIL_K204E,0
BACH2_A418T,0
BACH2_A195T,0
BACH2_I579V,0
BACH2_G415E,0
BACH2_A479T,0
BACH2_L291V,0
BACH2_R151P,0
BACH2_E806D,0
BACH2_K505R,0
BACH2_P720T,0
BACH2_V820M,0
BACH2_A304V,0
BACH2_I755L,0
BCAT2_Q100E,0
BCAT2_R333W,0
BCAT2_P215R,0
BCAT2_T186R,0
BCAT2_K374E,0
BCAT2_I383F,0
BRD4_E1270D,0
BRD4_E1326D,0
BRD4_V1110L,0
BRD4_H341Y,0
BRD4_P252R,0
BRD4_R1097H,0
BRD4_P1012L,0
BRD4_A1248V,0
BRD4_H1021N,0
BRD4_V1144I,0
BRD4_P1023S,0
BRD4_P311L,0
BRD4_S563N,0
BRD4_P731L,0
BRD4_A264V,0
BRD4_P778R,0
BRD4_Y430C,1
C1QA_E23K,0
C1QA_G157D,1
C1QA_M126V,0
C1QA_G157C,1
C1QBP_G57S,0
C1QBP_R6L,0
C1QBP_T130M,0
C1QBP_D176H,0
C1QBP_A81T,0
C1QBP_E216K,0
C1QBP_I173K,0
C1QC_G34R,1
C1QC_S7T,0
C1QC_S7Y,0
C1QC_V187I,0
C1S_A307V,0
C1S_R383H,0
C1S_V327L,0
C1S_V312I,0
C1S_A11V,0
C1S_A11S,0
C1S_K420N,0
C1S_R119H,0
C1S_P428R,0
CABP2_R63Q,0
CABP2_R94Q,0
CABP2_R94G,0
CABP2_A42T,0
CABP2_M218I,0
CALD1_R136K,0
CALD1_S171F,0
CALD1_A324E,0
CALD1_D122N,0
CALD1_M257I,0
CALD1_I671V,0
CALD1_E77K,0
CALD1_M317I,0
CALD1_A562V,0
CALM1_T30P,1
CALM1_E105K,1
CALM1_E140V,1
CALM1_F142L,1
CALM1_G133E,1
CALM1_D132N,1
CALM1_D132V,1
CALM1_E141G,1
CALM1_E141V,1
CALM1_D132G,1
CALM1_D96Y,1
CASQ1_H72R,0
CASQ1_Y140F,0
CASQ1_D44N,0
CASQ1_E76K,0
CASQ1_M1K,0
CASQ1_I164T,0
CASQ1_M87T,0
CASQ1_G45D,0
CASQ1_N350S,0
CAV1_V155I,0
CAV1_I178K,0
CAV1_R146P,0
CAV1_S37N,0
CBX2_P471A,0
CBX2_L193M,0
CBX2_K283N,0
CBX2_G314S,0
CBX2_A189T,0
CBX2_A452V,0
CBX2_V257M,0
CBX2_P483L,0
CCN6_N178I,0
CCN6_C337Y,1
CCN6_A197P,1
CCN6_G83E,0
CCN6_R44C,0
CCN6_C114W,1
CCN6_M1V,1
CCN6_W50R,0
CCN6_C223G,1
CCN6_S66N,1
CCNF_E396D,0
CCNF_V714M,0
CCNF_R691Q,0
CCNF_R406Q,0
CCNF_F604I,0
CCNF_Q737L,0
CCNF_G86E,0
CD27_H233R,0
CD27_A59T,0
CD4_F227S,0
CD4_K191E,0
CD4_R431Q,0
CD59_C28Y,1
CD79A_G101R,0
CD79A_V108G,1
CD8A_L100F,0
CD8A_L16F,0
CDC45_V81I,0
CDC45_D122G,0
CDC45_N540D,0
CDC45_R174W,0
CDC45_E155G,0
CDC45_P89S,0
CDC45_G502S,0
CDIN1_Y94S,1
CDIN1_H230P,1
CDIN1_S62L,0
CDIN1_A38P,0
CDSN_A483T,0
CDSN_S434R,0
CDSN_N179S,0
CDSN_G86S,0
CDSN_S152R,0
CDSN_S151C,0
CDSN_G383D,0
CDSN_G487S,1
CDSN_S453N,0
CDSN_G409V,0
CDSN_S408A,0
CDSN_M18L,0
CDSN_L56F,0
CDSN_L509P,0
CDSN_S401G,0
CDSN_N143S,0
CDSN_G36S,0
CDSN_R11H,0
CDSN_P192L,0
CEP76_I88V,0
CEP83_A146V,0
CEP83_L522R,0
CEP83_R279C,0
CEP83_R545H,0
CEP83_L137P,1
CEP83_R630Q,0
CEP83_S476I,0
CEP83_R276W,0
CEP83_R209Q,0
CEP83_R679H,0
CEP97_H383R,1
CEP97_R59Q,0
CEP97_V319L,0
CEP97_A816T,0
CEP97_L399F,0
CEP97_L428V,0
CEP97_M467K,0
CEP97_V408F,0
CEP97_R5L,0
CEP97_A271T,0
CEP97_D496V,0
CEP97_I238T,0
CEP97_F856L,0
CEP97_I529T,0
CERS1_R83Q,0
CERS3_R373K,0
CERS3_T262N,0
CERS3_V60I,0
CERS3_L31V,0
CERS3_H294R,0
CERS3_N305K,1
CERS3_R370G,0
CERS3_Y45C,0
CERS3_W15R,1
CERS3_D342G,0
CERS3_V237L,0
CERS3_R229H,1
CHD4_M966K,1
CHD4_R923S,1
CHD4_R887W,1
CHD4_D751N,1
CHD4_K1220T,1
CHD4_S1648L,0
CHD4_D140E,0
CHD4_E138D,0
CHD4_L1135V,1
CHD4_N993S,1
CHD4_M954I,1
CHD4_E1094K,1
CHD4_S213G,1
CHD4_N789I,1
CHD4_R1183C,1
CHD4_R1173Q,1
CHD4_R1183H,1
CHD4_V1180G,1
CHD4_R1173W,1
CHD4_D1147E,1
CHD4_R1419H,1
CHD4_E139D,0
CHD4_S883F,1
CHD4_A1876T,0
CHD4_I1109T,1
CHD4_R1177C,1
CHD4_P251A,0
CHD4_G355D,0
CHD4_P1115L,0
CHD4_T349I,0
CHD4_S1537F,0
CHD4_R1177H,1
CHD4_K1335Q,1
CHD4_N789S,1
CHD4_R836H,1
CHD4_R1340C,1
CHD4_N1113S,1
CHD4_R1515C,0
CHD4_T1549M,0
CHD4_N26I,0
CHD4_T529M,0
CHD4_R347Q,0
CHD4_T48S,0
CHD4_N1762S,0
CHD4_D62E,0
CHD4_E147D,0
CHD4_I1218T,1
CHD4_V1006G,1
CHST8_A91V,0
CLCF1_R30C,0
CLCN2_S661T,0
CLCN2_G24D,1
CLCN2_R172Q,1
CLCN2_R688W,0
CLCN2_P381A,0
CLCN2_A212T,0
CLCN2_L440F,0
CLCN2_R653T,0
CLCN2_N356S,0
CLCN2_E664V,0
CLCN2_T517M,1
CLCN2_R725Q,0
CLCN2_R886Q,0
CLCN2_D90H,0
CLCN2_R800Q,0
CLCN2_P733S,0
CLGN_T28M,0
CLHC1_T559M,0
CLHC1_Q488P,0
CLPX_G298D,1
CLPX_R104C,0
CLPX_I488T,0
CLPX_S19F,0
CLPX_G250S,0
CLPX_R32P,0
CLPX_T46I,0
CLPX_E588V,0
CLPX_V14A,0
CNOT9_P131L,1
CNOT9_R292W,1
CNOT9_R46G,1
CNOT9_R227H,1
COA3_E89K,0
COA5_P9L,0
COA7_R48Q,0
COA7_R192C,1
COA7_K219R,0
COASY_S55Y,0
COASY_I556V,0
COASY_A214V,1
COASY_T173K,0
COASY_Q52H,0
COASY_Y349C,0
COG2_N304K,0
COG2_V589I,0
COG2_T511S,0
COG2_N73S,0
COG2_I134M,0
COG2_R510C,0
COG2_E704K,0
COG2_I346V,0
COQ7_R46W,0
COQ7_T103M,0
COQ7_D42H,0
COQ7_V79I,0
COQ7_H182R,0
COQ7_P17L,0
COQ7_R65C,0
COQ7_G5R,0
COQ8B_R477Q,1
COQ8B_T352R,0
COQ8B_H174R,0
COQ8B_R78C,0
COQ8B_F167L,0
COQ8B_R63W,0
COQ8B_M115T,0
COQ8B_G7D,0
COQ8B_C147R,1
COQ8B_A266T,0
COQ8B_R308W,0
COQ8B_R288H,0
COQ8B_R91C,1
CPT1C_A639T,0
CPT1C_M798V,0
CPT1C_Q97H,0
CPT1C_P687A,0
CPT1C_G552V,1
CPT1C_Y241H,0
CPT1C_L693M,0
CPT1C_I722N,0
CPT1C_R300H,0
CPT1C_M1R,1
CPT1C_R514L,0
CPT1C_L130V,0
CPT1C_A712G,0
CPT1C_A407V,0
CPT1C_D802N,0
CRADD_R170H,1
CRADD_L51I,0
CRADD_R185Q,0
CRADD_M1T,1
CRADD_I35V,0
CRADD_I44L,0
CRADD_S192L,0
CRYGS_D13E,0
CRYGS_I8N,1
CTU2_A108P,0
CTU2_A118V,0
CTU2_G374C,0
CTU2_R376Q,0
CTU2_C433S,0
CTU2_H257Q,0
CTU2_P430L,0
CTU2_D453N,0
CTU2_P135R,0
CTU2_A256V,0
CTU2_Q416R,0
CTU2_M253V,0
CTU2_R467C,0
CTU2_V332I,0
CTU2_H186Y,0
CTU2_G9R,0
CTU2_R427Q,0
CTU2_P206A,0
CTU2_R255L,0
CTU2_G385S,0
CTU2_F142L,0
CTU2_N212S,0
CUX2_E590K,1
CUX2_A757V,0
CUX2_R163C,0
CUX2_G1337D,0
CUX2_L796F,0
CUX2_G1370R,0
CUX2_T405K,0
CUX2_L158V,0
CUX2_V1472L,0
CUX2_S134L,0
CUX2_S152L,0
CUX2_P1433L,0
CUX2_D1234E,0
CUX2_A536T,0
CUX2_P1256L,0
CUX2_I696L,0
CUX2_G1141S,0
CUX2_P764L,0
DAXX_V375I,0
DAXX_A486G,0
DCDC2_R403H,0
DCDC2_P152A,0
DCDC2_K456N,0
DCDC2_S221G,0
DCDC2_D383H,0
DCPS_T316M,1
DCPS_G226D,0
DCPS_R188W,1
DCPS_S290A,0
DCPS_P326R,0
DCPS_E192Q,0
DCPS_Y177C,0
DDHD2_C683S,0
DDHD2_R112Q,0
DDHD2_G76D,0
DDHD2_G76C,0
DDHD2_G510E,1
DDHD2_I450V,0
DDX59_L316I,0
DDX59_S84T,0
DDX59_A50P,0
DDX59_P446L,0
DDX59_S513N,0
DDX59_I475V,0
DDX59_V464A,0
DDX59_Y166C,0
DDX59_R418H,0
DDX59_I107V,0
DDX59_L137V,0
DDX59_N416S,0
DDX59_V347I,0
DEAF1_G212S,1
DEAF1_W234G,1
DEAF1_I256N,1
DEAF1_A545G,0
DEAF1_M243V,0
DEAF1_R246T,1
DEAF1_W234R,1
DEAF1_M560I,0
DEAF1_A372T,0
DEAF1_V294L,1
DEAF1_C284Y,1
DEAF1_R224Q,1
DEAF1_C281S,1
DEAF1_D269G,0
DEAF1_E241K,1
DEAF1_G212C,1
DEAF1_P384L,0
DEAF1_A436T,0
DEAF1_V205L,1
DEAF1_F240I,1
DEAF1_F240S,1
DEAF1_M78V,0
DEAF1_H275Y,1
DEAF1_T312S,0
DEAF1_L272S,1
DEAF1_V563M,0
DEAF1_I403V,0
DEAF1_A329T,0
DEAF1_I228F,1
DEAF1_R295G,1
DEAF1_G225E,1
DEAF1_K250E,1
DEAF1_G222S,1
DEAF1_C207Y,1
DEAF1_I403M,0
DEAF1_A56E,0
DEAF1_D251N,1
DEAF1_V548I,0
DEAF1_T280A,0
DEGS1_N255S,1
DEGS1_A280V,1
DEGS1_N113D,1
DEGS1_N267S,0
DEGS1_L175Q,0
DEGS1_D65N,0
DEGS1_R133W,1
DEGS1_D9E,0
DEGS1_V140I,0
DEGS1_T190I,0
DHX37_N419K,1
DHX37_A222G,0
DHX37_S169L,0
DHX37_K508N,0
DHX37_A61V,0
DHX37_L1007V,0
DHX37_I1147T,0
DHX37_R308Q,1
DHX37_R674W,1
DHX37_R1081Q,0
DHX37_S869G,0
DHX37_M96I,0
DHX37_S626L,1
DHX37_R1031Q,0
DHX37_D1015E,0
DHX37_A234T,0
DHX37_R458Q,0
DHX37_A484V,0
DHX37_E267K,0
DHX37_E107K,0
DHX37_R810Q,0
DHX37_V999M,0
DHX37_V717I,0
DHX37_D566N,0
DHX37_A1108S,0
DHX37_R528Q,0
DHX37_D180E,0
DHX37_A48T,0
DHX37_R1060C,0
DHX37_G1089S,0
DLX5_R231H,0
DLX5_V80A,0
DLX5_S234R,0
DMRT1_R111M,1
DMRT1_K346R,0
DMRT1_M115K,1
DMRT1_S45T,0
DMRT1_K103R,0
DPM3_L46Q,1
DPM3_L14P,1
DSE_T25I,0
DSE_C18F,0
DSE_I282V,0
DSE_P34L,0
DSE_V381A,0
DSE_R70H,0
DSE_R810G,0
DSE_R884Q,0
DSE_S707C,0
DSE_A461T,0
DSE_N37I,0
ECM1_D367V,0
ECM1_A44T,0
ECM1_R372W,0
ECM1_R385H,0
ECM1_R448H,0
ECM1_C269Y,1
ECM1_T130M,0
ECM1_G415S,0
ECM1_I215T,0
EDC3_P86T,0
EDN1_G36R,0
EDN1_L160F,0
EDN1_V80I,0
EDNRA_I86V,0
EDNRA_S420T,0
EED_M366T,1
EED_T50P,0
EED_I274V,0
EED_A378V,1
EED_N194S,1
EED_R414Q,1
EED_M256T,1
EFL1_T127A,1
EFL1_V198A,0
EFL1_M756I,0
EFL1_K423E,0
EFL1_N83D,0
EFL1_V1010I,0
EFL1_P881T,0
EFL1_S781F,0
EFL1_M776V,0
EFL1_N342S,0
EFL1_A991T,0
EFL1_K711R,0
EFL1_I617V,0
EFL1_L496F,0
EFL1_E478D,0
EFL1_K265N,0
EFL1_E102D,0
EFL1_R60G,0
EIF3F_F232V,1
EIF3F_P7S,0
ELF2_A4T,1
ELP1_S96G,0
ELP1_S339R,0
ELP1_A574V,0
ELP1_V347L,0
ELP1_M1L,1
ELP1_F206C,0
ELP1_Y371C,0
ELP1_I641V,0
EMC1_P240L,0
EMC1_P584H,1
EMC1_T390M,0
EMC1_T309M,0
EMC1_R685Q,0
EMC1_R621C,0
EMC1_S596L,0
EMC1_R401Q,0
EMC1_R275Q,0
EMC1_P585Q,1
EMC1_P584R,1
EMC1_I762F,0
EMC1_D231G,0
EMC1_E396Q,0
EMC1_M353T,0
EMC1_S347N,0
EMC1_S345T,0
EMC1_L295S,0
EMC1_M1R,1
EMC1_M1V,1
EMC1_I516L,0
EOGT_K188I,0
EOGT_R405G,0
EOGT_C135Y,1
EOGT_R41L,0
EOGT_P24R,0
EOGT_R192H,0
EOGT_T195M,0
EPHA4_A748T,1
EPHA4_N899K,0
EPHA4_T286M,0
EPHA4_S554L,0
EPHB4_R739Q,1
EPHB4_D802G,1
EPHB4_E664K,1
EPHB4_F867L,1
EPHB4_C845R,1
EPHB4_N745D,1
EPHB4_K650N,1
EPHB4_E890D,0
EPHB4_A882T,0
EPHB4_A371V,0
EPHB4_P231S,0
EPHB4_G817E,1
EPHB4_L701R,1
EPHB4_F867S,1
EPHB4_V113I,0
EPHB4_V682M,1
EPHB4_V228I,0
EPHB4_G893R,0
EPHB4_D946G,0
EPHB4_V420I,0
EPHB4_K137M,1
EPHB4_G514D,1
EPHB4_M1V,1
EPHB4_G807E,1
EPHB4_F671L,1
EPHB4_K108R,0
EPHB4_R384Q,0
EPHB4_R105H,0
EPHB4_S106F,0
EPHB4_R397C,0
EPHB4_T163M,0
EPHB4_A198T,0
EPHB4_V217E,0
EPHB4_R213Q,0
EPHB4_S280P,0
EPHB4_V306I,0
EPHB4_V301I,0
EPHB4_G283E,0
EPHB4_N426S,0
EPHB4_P315T,0
EPHB4_A453T,0
EPHB4_A453V,0
EPHB4_T443M,0
EPHB4_V5M,0
EPHB4_R495Q,0
EPHB4_V547M,0
EPHB4_V549M,0
EPHB4_R441W,0
EPHB4_A492T,0
EPHB4_A542V,0
EPHB4_T544M,0
EPHB4_V63L,0
EPHB4_R656Q,0
EPHB4_R362W,0
EPHB4_P366A,0
EPHB4_R80Q,0
EPHB4_K635N,0
EPHB4_V753I,0
EPHB4_R889Q,0
EPHB4_P983R,0
EPHB4_R785Q,1
EPHB4_P235S,0
EPHB4_D576E,0
EPHB4_P208L,0
EPHB4_L494P,1
EPHB4_A416G,0
EPHB4_T251M,0
EPHB4_A345T,0
EPHB4_R706Q,0
EPHB4_P168L,0
EPS8_D761E,0
EPS8_A705T,0
EPS8_Y613C,0
EPS8_R519C,0
EPS8_H35R,0
EPS8_V744I,0
EPS8_I700T,0
EPS8_D197N,0
EPS8_T317M,0
ERBB4_F543I,0
ERBB4_I736N,1
ERBB4_G1272R,1
ERBB4_A17V,0
ERBB4_A158E,0
ERBB4_I658F,0
ERBB4_E215A,0
ERBB4_P1249L,0
ERBB4_R72P,0
ERBB4_N1193S,0
ESR1_G77S,0
ESR1_S118P,0
ESR1_G160C,0
ESR1_P136S,0
ESR1_S137G,0
ESR1_P152A,0
ESR1_A569T,0
ESR1_R269C,0
ESR2_R221G,0
ESR2_R132H,0
ESR2_L413V,0
ESR2_I3V,0
ESR2_L270F,0
ESR2_G250S,0
ESR2_S112L,0
ESR2_Q267H,0
ESR2_A427V,0
ESRP1_L259V,1
ESRP1_A159T,0
ETV6_L201P,0
ETV6_R369W,1
ETV6_V166M,0
ETV6_S323C,1
ETV6_A40V,0
EXOC4_G550R,0
EXTL3_V442L,0
EXTL3_P318L,1
EXTL3_A550V,0
EXTL3_R378W,0
EXTL3_R158Q,0
EXTL3_A560V,0
EXTL3_V198I,0
FADD_E206K,0
FADD_A207V,0
FDX2_M1I,1
FGF17_K191R,0
FGF5_W81C,0
FITM2_M1V,1
FITM2_D258G,0
FITM2_M32I,0
FITM2_P239L,0
FITM2_M1L,1
FLRT3_E460D,0
FLRT3_H400Q,0
FLRT3_Q378H,0
FLRT3_R317H,0
FUT8_K101Q,0
FUT8_T267K,0
FUT8_Q96R,0
FZD2_G434S,1
FZD2_G434V,1
FZD2_R219C,0
FZD2_A508V,0
FZD2_P13L,0
FZD2_G21R,0
FZD2_T250I,0
FZD2_G434A,1
FZD2_R457Q,0
FZD2_P180S,0
FZD2_K206Q,0
FZD2_R559G,0
FZR1_R23C,0
GAB1_G116E,1
GALK1_M1L,1
GALK1_T344M,1
GALK1_R256W,1
GALK1_R312H,0
GALK1_R312C,0
GALK1_R286Q,0
GALK1_G137D,1
GALM_N190Y,0
GALM_I189T,0
GALM_G328D,0
GANAB_R154W,0
GANAB_N306S,0
GANAB_R173Q,0
GANAB_H850Y,0
GANAB_L74F,0
GANAB_H419Y,0
GANAB_M594V,0
GANAB_V467I,0
GANAB_V725I,0
GANAB_H785N,0
GANAB_R914C,0
GANAB_T75M,0
GANAB_Y477H,1
GANAB_R114H,0
GANAB_R484Q,0
GANAB_A901V,0
GANAB_T75A,0
GANAB_M338V,0
GANAB_G476S,0
GANAB_A16V,0
GATA5_L233P,0
GATA5_T326A,0
GATA5_A356G,0
GATA5_T67P,0
GATA5_V227I,0
GATA5_E365K,0
GATA5_G166S,0
GATA5_R383S,0
GATB_F136L,1
GATB_E382G,0
GATB_A30D,0
GATB_K62N,0
GATB_V20I,0
GATB_G9C,0
GATC_M78R,1
GATC_S3L,0
GFI1B_D262N,1
GFI1B_A204T,0
GFI1B_V34M,0
GFI1B_G81V,0
GFI1B_S98L,0
GFI1B_D23N,0
GFI1B_L60I,0
GFI1B_F50L,0
GFI1B_T174A,1
GFI1B_R231L,1
GLRX5_A146T,0
GLRX5_P62L,0
GLRX5_L5P,0
GMPPA_P64S,0
GMPPA_A72T,0
GMPPA_K379N,0
GNA14_Q205L,1
GNA14_R33C,0
GNAI1_T48K,1
GNAI1_Q52P,1
GNAI1_T48P,1
GNAI1_C224Y,1
GNAI1_D272N,1
GNAI1_D173V,1
GNAI1_G40C,1
GNAI1_D97A,0
GNAI1_P165T,0
GNAI1_Q204R,1
GNAI2_T182P,1
GNAQ_D130N,0
GNAQ_Q209H,1
GNAQ_R183L,1
GNAQ_G48V,1
GNB5_A213V,0
GNB5_V8I,0
GNB5_S123W,1
GNB5_W387S,1
GNMT_V125M,0
GNMT_A107T,0
GPAA1_L291P,1
GPAA1_A389P,1
GPAA1_W176S,1
GPAA1_S51L,1
GPAA1_E275Q,0
GPAA1_A514T,0
GPAA1_A429T,0
GPAA1_V124A,0
GPAA1_S210F,0
GPAA1_R493G,0
GPAA1_K621N,0
GPAA1_T105M,0
GPAA1_V181I,0
GPAA1_A477P,0
GPAA1_P609L,1
GPC4_R412K,1
GPC4_E391D,0
GPC4_A442V,0
GPC4_V216L,0
GPC4_R258Q,0
GPR39_N212S,0
GRAP_Q104L,1
GRIA2_D611N,1
GRIA2_A639S,1
GRIA2_G609R,1
GRIA2_D302G,1
GRIA2_P528T,1
GRIA2_V647L,1
GRIA2_K751E,1
GRIA2_Q607E,1
GRIA2_F644L,1
GRIA2_T646N,1
GRIA2_W788L,1
GRIA2_G792V,1
GRIA2_A807V,1
GRIA2_N812S,1
GRIA2_K530M,1
GRIA2_A643T,1
GRIA2_A766T,1
GRIA2_G792E,1
GRIA4_N641D,1
GRIA4_R697P,1
GRIA4_D191E,0
GRIA4_A640T,1
GRIA4_H114R,1
GRIA4_Q28P,0
GRID2_R224Q,1
GRID2_V740I,0
GRID2_I97T,0
GRID2_I661F,0
GRID2_A654G,1
GRID2_V490I,0
GRID2_T68M,0
GRID2_F974Y,0
GRID2_M193V,0
GRIK5_R832M,0
GRM7_D385E,0
GRM7_E394K,1
GRM7_M738V,0
GRM7_Y433F,0
GRM7_V23M,0
GRM7_D500E,0
GRM7_N570S,0
GRM7_S832R,1
GRM7_D578N,0
GSDME_L403P,0
GSDME_Y219C,0
GSDME_M174T,0
GSDME_R238Q,0
GSDME_T196M,0
GSDME_Q354P,0
GUF1_P30S,0
GUF1_S148I,0
GUF1_C221S,0
GUF1_I503V,0
GUF1_I95V,0
GUF1_N371S,0
GUF1_L58P,0
GUF1_G406R,0
GUF1_H576Y,0
GUF1_V287I,0
GUF1_D277N,0
HACD1_V70F,0
HACD1_Y249C,0
HACD1_M1V,0
HACD1_A174V,0
HACD1_E64Q,0
HACD1_E64K,0
HACD1_H227Y,0
HACD1_T25R,0
HACD1_G232R,0
HACE1_P101H,1
HACE1_D399G,0
HACE1_C80Y,1
HARS1_K376R,0
HARS1_A399V,0
HARS1_L421V,0
HARS1_V133F,1
HARS1_Q14K,0
HARS1_G122R,0
HARS1_Q52P,0
HARS1_R375H,0
HARS1_D206Y,1
HARS1_E401K,0
HARS1_K419Q,0
HARS1_K419M,0
HARS1_G300R,0
HDAC3_R301Q,1
HDAC3_Y298C,1
HDAC3_N411S,0
HESX1_R160H,1
HHAT_M1L,1
HHAT_Y23C,0
HHAT_G333R,0
HHAT_T371I,0
HHAT_R312H,0
HHAT_W486L,0
HHAT_R176C,0
HHAT_N450S,0
HHAT_S182N,0
HHAT_C188R,0
HHAT_H263Q,0
HKDC1_T66I,0
HKDC1_G698D,0
HKDC1_R723Q,0
HRG_P234L,0
HRG_P321L,0
HRG_V200L,0
HRG_E294A,0
HRG_P318S,0
HRG_P351T,0
HRG_P204S,0
HRG_R448C,0
HRG_N493I,0
HRG_A337T,0
HRG_S307L,0
HRG_R270H,0
IDH3A_D139E,0
IDH3A_K177R,0
IDH3A_R316C,1
IDH3A_R360C,0
IFT27_R139W,0
IFT27_Y36C,1
IFT27_A142V,0
IFT27_A107T,0
IFT27_G129S,0
IFT27_R108W,0
IFT27_R183Q,0
IFT27_E161K,0
IFT52_D259H,0
IFT52_Y201C,0
IFT52_P350L,0
IFT52_E282K,0
IFT52_D427N,0
IFT81_L29F,1
IFT81_L222V,0
IFT81_N22T,0
IFT81_N141S,0
IFT81_D134G,0
IFT81_Q238H,0
IGLL1_M162K,0
IGLL1_V33M,0
IGLL1_N171S,0
IGLL1_P155L,0
IGLL1_R189H,0
IGLL1_G159S,0
IGLL1_T95K,0
IGLL1_A174V,0
IGLL1_A174T,0
IGLL1_P120L,0
IGLL1_M162T,0
IGLL1_R85W,0
IGLL1_R23C,0
IGLL1_G75S,0
IGLL1_T148I,0
IGLL1_R85L,0
IKZF1_H195R,1
IKZF1_N159S,1
IKZF1_T189A,1
IKZF1_C467W,1
IKZF1_C119S,1
IKZF1_L177P,1
IKZF1_G337S,0
IL10_S19N,0
INCA1_D197G,0
INSL6_H135R,0
INTU_E500A,1
INTU_L749F,0
INTU_N370I,0
INTU_R705H,0
INTU_V35A,0
INTU_C692G,0
INTU_R441S,0
INTU_P445H,0
INTU_R738Q,0
INTU_C711R,0
INTU_E25D,0
INTU_H863R,0
INTU_C128Y,0
INTU_I827V,0
IRF7_D204N,0
IRF7_R37H,0
IRF7_T254A,0
IRF7_Q412R,0
IRF7_K179E,0
IRF7_R420W,0
IRX5_P382R,0
IRX5_A263P,0
IRX5_P255T,0
IRX5_P236L,0
ITIH4_G893S,0
ITIH4_V118I,0
ITIH4_V402M,0
ITIH4_R500Q,0
ITIH4_A107T,0
ITM2B_P31H,0
ITM2B_I251V,0
ITM2B_R178G,0
ITM2B_P30S,0
ITPA_E93G,0
ITPA_N78S,0
ITPA_R180Q,0
ITPA_F91L,1
ITPA_A17S,0
JAM2_S286R,0
JAM2_H7Q,0
JAM3_R295C,0
JAM3_L15V,0
JAM3_V150A,0
JAM3_V205M,0
JAM3_M1V,1
JAM3_M1K,1
KANK1_D50V,0
KANK1_I1079M,1
KANK1_E601K,0
KANK1_Q211H,0
KANK1_E587G,0
KANK1_G189S,0
KANK1_T116A,0
KANK1_S198F,0
KANK1_A942D,0
KANK1_I1216T,0
KANK1_A1258S,0
KANK1_N1293S,0
KANK1_P69L,0
KANK1_M506T,0
KANK1_V534M,0
KANK1_C909G,0
KANK1_M663T,0
KANK1_A664V,0
KANK1_H578Y,0
KANK1_P888A,0
KANK1_K705E,0
KANK1_R67Q,0
KANK1_H210Q,0
KANK1_E432Q,0
KANK1_S464A,0
KANK1_R667H,0
KANK1_N901S,0
KANK1_I1055T,0
KANK1_S872C,0
KANK1_I18V,0
KANK1_K6E,0
KANK1_V286E,0
KANK1_K832N,0
KANK1_A1241V,0
KANK1_R399Q,0
KANK1_G1162S,0
KANK1_R368Q,0
KANK1_R273C,0
KANK1_R138Q,0
KANK1_A966V,0
KCNC1_R228L,0
KCNC1_A421V,1
KCNC1_N226I,0
KCNC1_T231A,1
KCNC1_Q484R,0
KCNC1_V432L,1
KCNC1_C208Y,1
KCNC1_R164W,1
KCNC1_T399M,1
KCNH5_I366M,0
KCNH5_E772G,0
KCNH5_I245V,0
KCNH5_A878T,0
KCNH5_V256I,0
KCNH5_V263I,0
KCNH5_S746P,0
KCNH5_G789C,0
KCNH5_I616N,0
KCNH5_A246S,0
KCNH5_V853M,0
KCNH5_G789S,0
KCNH5_N787S,0
KCNH5_V505I,0
KCNH5_N158K,0
KCNH5_E718Q,0
KCNH5_R401H,0
KCNH5_K5N,0
KCNH5_R401C,0
KCNH5_E374K,0
KCNH5_K983R,0
KCNH5_G819V,0
KCNH5_C794W,0
KCNH5_Q692R,0
KCNH5_A930V,0
KCNH5_N479S,0
KCNH5_I245L,0
KCNH5_R542W,0
KCNH5_G500D,0
KCNH5_E944K,0
KCNH5_A745T,0
KCNH5_E119G,0
KCNH5_S751N,0
KCNH5_K954E,0
KCNH5_R779S,0
KCNH5_R327C,1
KCNH5_N816S,0
KCNH5_G46S,0
KCNH5_K642N,0
KCNH5_T748S,0
KCNH5_A930D,0
KCNH5_A406G,0
KCNH5_L458F,0
KCNH5_E71G,0
KCNH5_K75R,0
KCNH5_G788S,0
KCNH5_S189L,0
KCNH5_G789V,0
KCNH5_F226V,0
KCNH5_R779C,0
KCNH5_D601G,0
KCNH5_M454I,0
KCNH5_A563V,0
KCNH5_T748A,0
KCNH5_K642E,0
KCNH5_P884L,0
KCNH5_R542Q,0
KCNH5_V355M,0
KCNH5_V752M,0
KCNH5_P113L,0
KCNH5_T869I,0
KCNH5_R874H,0
KCNH5_K877R,0
KCNH5_D791N,0
KCNJ6_L171R,1
KCNJ6_I53V,0
KCNK3_H141Q,0
KCNK3_L122P,1
KCNK3_S380R,0
KCNK3_A366V,0
KCNK3_N133S,1
KCNK3_V154M,0
KCNK3_D211G,0
KDF1_R145W,0
KDF1_K189R,0
KDF1_R107W,0
KDF1_Q100R,0
KDF1_R21Q,0
KDF1_F219L,0
KDF1_P67L,0
KIF23_N48S,0
KIF23_Q77R,0
KIF23_I230M,0
KIF23_F529L,0
KIF23_T51I,0
KIF23_N545S,0
KIF4A_A426S,0
KIF4A_A491V,0
KIF4A_N392H,0
KIF4A_D509N,1
KIF4A_R631H,0
KISS1_H90D,0
KISS1_P110T,0
KISS1_P81R,0
KISS1_E20K,0
KISS1_Q36R,0
KLHL9_C465Y,0
KLHL9_D471G,0
KLHL9_Q42E,0
KLHL9_A331V,0
KLHL9_M380I,0
KLKB1_G420E,1
KLKB1_H202Q,0
KLKB1_S269C,0
KLKB1_T270A,0
KLKB1_T358A,0
KLKB1_F311V,0
KLKB1_M203V,0
KLKB1_S381A,0
KLKB1_R560Q,0
KLKB1_I230N,1
KLKB1_A178T,0
KLRG1_A129D,0
KMT2B_H1663P,1
KMT2B_C1644F,1
KMT2B_C1654R,1
KMT2B_E366K,0
KMT2B_A133V,0
KMT2B_V833I,0
KMT2B_R1864Q,0
KMT2B_R2355W,0
KMT2B_P1127A,0
KMT2B_A1852T,0
KMT2B_A1908G,0
KMT2B_R1488W,0
KMT2B_R2161H,0
KMT2B_A912V,0
KMT2B_G2320R,0
KMT2B_A2010T,0
KMT2B_G1211E,1
KMT2B_E1234K,1
KMT2B_A1616V,1
KMT2B_W1614R,1
KMT2B_V386A,0
KMT2B_T503M,0
KMT2B_R1597W,1
KMT2B_C1393R,1
KMT2B_G1407R,0
KMT2B_P1931L,0
KMT2B_P754L,0
KMT2B_G491S,0
KMT2B_A1017V,1
KMT2B_A630P,0
KMT2B_R2610C,1
KMT2B_M390T,0
KMT2B_R152W,0
KMT2B_A830D,0
KMT2B_R1834H,0
KMT2B_P216H,0
KMT2B_D2364G,0
KMT2B_P216R,0
KMT2B_T2227M,0
KMT2B_R616Q,0
KMT2B_P1829L,0
KMT2B_P764Q,0
KMT2B_T498N,0
KMT2B_P459S,0
KMT2B_A502T,0
KMT2B_R2567C,1
KMT2B_R2662W,1
KMT2B_P1821R,1
KMT2B_N1111H,0
KMT2B_R2057H,0
KMT2B_P2138R,0
KMT2B_P414S,0
KMT2B_G2089A,0
KMT2B_P174S,0
KMT2B_K2708R,0
KMT2B_R1488Q,0
KMT2B_V1609I,0
KMT2B_R706Q,0
KMT2B_P2210S,0
KMT2B_P2255L,0
KMT2B_R2355Q,0
KMT2B_V2278I,0
KMT2B_P1963L,0
KMT2B_R290H,0
KMT2B_D2069E,0
KMT2B_P1925A,0
KMT2B_T2283A,0
KMT2B_Q348P,0
KMT2B_G273R,0
KMT2B_P2502L,0
KMT2B_D1726N,0
KMT2B_S848P,0
KMT2B_F2490L,1
KMT2B_A2641T,1
KMT2B_R535C,1
KMT2B_R2565G,1
KMT2B_S1861L,0
KMT2B_Q745E,0
KMT2B_K312R,0
KMT2B_R2173Q,0
KMT2B_P674S,0
KMT2B_F2163Y,0
KMT2B_R165H,0
KMT2B_E656K,0
KMT2B_V780L,0
KMT2B_R1736H,0
KMT2B_R2339Q,0
KMT2B_P404L,0
KMT2B_P1569L,0
KMT2B_P1943T,0
KMT2B_P2362A,0
KMT2B_R218Q,0
KMT2B_R2057L,0
KMT2B_R220Q,0
KMT2B_A387V,0
KMT2B_A2055P,0
KMT2B_A449S,0
KMT2B_G273S,0
KMT2B_L196F,0
KMT2B_R855W,0
KMT2B_R1293C,0
KMT2B_R209Q,0
KMT2B_P1854S,0
KMT2B_D685N,0
KMT2B_A2074V,0
KMT2B_R179Q,0
KMT2B_R1257C,0
KMT2B_P822S,0
KMT2B_P2148R,0
KMT2B_P2293S,0
KMT2B_P669S,0
KMT2B_S1153A,0
KMT2B_P163L,0
KMT2B_G1506S,0
KMT2B_R486Q,0
KMT2B_D1438H,0
KMT2B_R226Q,0
KMT2B_R2033H,0
KMT2B_G1974D,0
KMT2B_S640T,0
KMT2B_R1343H,0
KMT2B_R843W,0
KMT2B_R867C,0
KMT2B_A1504V,0
KMT2B_V2202M,0
KMT2B_V780M,0
KMT2B_R1834C,0
KMT2B_P764L,0
KMT2B_A394V,0
KMT2B_R287H,0
KMT2B_Y2295C,0
KMT2B_G283E,0
KMT2B_E324K,0
KMT2B_A708T,0
KMT2B_H332Y,0
KMT2B_E372K,0
KMT2B_R1104W,0
KMT2B_P1392L,0
KMT2B_R297Q,0
KMT2B_S421L,0
KMT2B_P413L,0
KMT2B_V2174M,0
KMT2B_I247V,0
KMT2B_P763L,0
KMT2B_R2079Q,0
KMT2B_R152Q,0
KMT2B_V849L,0
KMT2B_A5T,0
KMT2B_P566S,0
KMT2B_P2049S,0
KMT2B_R209W,0
KMT2B_T746A,0
KMT2B_N1348S,0
KMT2B_T159S,0
KMT2B_R1055Q,0
KMT2B_T1721M,0
KMT2B_L563P,0
KMT2B_S114G,0
KMT2B_S214T,0
KMT2B_S1836L,0
KMT2B_P2362L,0
KMT2B_T1342I,0
KMT2B_P565S,0
KMT2B_P134H,0
KMT2B_R1138Q,0
KMT2B_C1360R,0
KMT2B_H722Y,0
KMT2B_A59T,0
KMT2B_A2275T,0
KMT2B_L2239V,0
KMT2B_R1487C,0
KMT2B_R486L,0
KMT2B_G1879V,0
KMT2B_L1405P,1
KMT2B_S456A,0
KMT2B_A1988V,0
KMT2B_H1365R,1
KMT2B_S728N,0
KMT2B_E718K,0
KMT2B_P1923L,0
KMT2B_A2010S,0
KMT2B_P2289L,0
KMT2B_L596F,0
KMT2B_P784L,0
KMT2B_P2271L,0
KMT2B_A2187P,0
KMT2B_R855Q,0
KMT2B_M1980V,0
KMT2B_P763Q,0
KMT2B_P1101A,0
KMT2B_A200T,0
KMT2B_R1914H,0
KMT2B_G1391R,0
KMT2B_P2088S,0
KMT2B_D550E,0
KMT2B_H1460R,0
KMT2B_V2242M,0
KMT2B_R776Q,0
KMT2B_S1966F,0
KMT2B_A2098T,0
KMT2B_T263I,0
KMT2B_R776W,0
KMT2B_A684V,0
KMT2B_R2649C,1
KMT2B_D2422G,1
KMT2B_V2281L,0
KMT2B_P413T,0
KMT2B_L2378F,0
KMT2B_R198Q,0
KMT2B_R1912C,0
KMT2B_P174A,0
KMT2B_L1689V,0
KMT2E_D907V,1
KMT2E_P1784S,0
KMT2E_P908S,0
KMT2E_G999C,0
KMT2E_S1532N,0
KMT2E_N1407S,0
KMT2E_R1113S,0
KMT2E_E441K,1
KMT2E_R598G,1
KMT2E_G1585E,0
KMT2E_P1615S,0
KMT2E_T808N,0
KMT2E_M1063T,0
KMT2E_N1246K,0
KMT2E_E825A,0
KMT2E_Q207H,0
KMT2E_P905A,0
KMT2E_R473H,0
KMT2E_P1545L,0
KMT2E_P1376L,0
KMT2E_T1001M,0
KMT2E_T1514I,0
KMT2E_T1041M,0
KMT2E_S1575C,0
KMT2E_M1322T,0
KMT2E_E809G,0
KMT2E_P1784L,0
KMT2E_P1721L,0
KMT2E_I712M,0
KMT2E_P1491R,0
KMT2E_P1748A,0
KMT2E_S1424P,0
KMT2E_V1662A,0
KMT2E_N1195S,0
KMT2E_T1542M,0
KMT2E_H1394Q,0
KMT2E_P1747A,0
KMT2E_S1232N,0
KMT2E_G257D,0
KMT2E_N325S,0
KMT2E_P1325S,0
KMT2E_R963C,0
KMT2E_S1065P,0
KMT2E_G1196S,0
KMT2E_K463E,0
KMT2E_T1455M,0
KMT2E_A460S,0
KMT2E_L1159P,1
KPTN_G211R,0
KPTN_L245V,0
KPTN_V151A,0
KPTN_R288P,1
KPTN_G425R,0
KRT81_Q139P,0
KRT81_S13R,0
KRT81_A462V,0
KRT81_R316C,0
KRT81_L248R,0
KYNU_T25M,0
KYNU_H41Y,0
KYNU_W109S,1
KYNU_R330Q,1
KYNU_R428W,1
KYNU_V258A,1
LAGE3_D16N,0
LAGE3_P60L,0
LAGE3_R132Q,0
LAGE3_V131M,0
LAGE3_I121T,0
LAGE3_A31T,0
LARP7_R110W,1
LARP7_N245S,0
LARP7_I334T,0
LARP7_T338I,0
LARP7_A446T,0
LARP7_A446E,0
LARP7_T243K,0
LARP7_V151I,0
LARP7_R332K,0
LDHD_H208Y,0
LGI4_M1T,1
LGI4_L344Q,1
LGI4_W168C,1
LGI4_G394S,0
LGI4_I429T,0
LGI4_R256S,0
LGI4_T62M,0
LGI4_V48I,0
LGI4_A186T,0
LIPT2_A53V,0
LIPT2_L30P,1
LIPT2_L105R,1
LIPT2_T190S,0
LIPT2_P139S,0
LIPT2_E207V,0
LMNB2_R272Q,0
LMNB2_G147D,0
LMNB2_T143M,0
LMNB2_A468G,0
LMNB2_G455R,0
LMNB2_R561L,0
LMNB2_R438W,0
LMNB2_R416L,0
LMNB2_G172S,0
LMNB2_V451I,0
LMNB2_R411C,0
LMNB2_R171H,0
LMNB2_R584C,0
LMNB2_R561C,0
LMNB2_G460S,0
LMNB2_L353M,0
LMNB2_A135T,0
LMNB2_R171C,0
LMNB2_M583I,0
LMNB2_R561H,0
LMNB2_R411H,0
LMNB2_L338M,0
LMNB2_D253N,0
LMNB2_T454M,0
LMNB2_R584H,0
LMNB2_S581L,0
LMNB2_E570K,0
LMNB2_E339A,0
LMNB2_V177M,0
LMNB2_D333E,0
LMNB2_N132S,0
LMNB2_T233M,0
LMNB2_A536V,0
LMNB2_Q250H,0
LMNB2_Y618H,0
LMNB2_F598S,0
LMNB2_K579N,0
LMNB2_A194P,0
LMNB2_E269D,0
LMNB2_V538L,0
LMNB2_M528L,0
LMNB2_S559R,0
LMX1A_R199G,1
LRIF1_I477V,0
LYRM7_Q72E,1
LYRM7_E38D,0
LYRM7_I34L,0
LYRM7_M1T,1
LZTS1_L113P,0
LZTS1_T403M,0
LZTS1_L475V,0
LZTS1_G444A,0
LZTS1_R346G,0
LZTS1_G92A,0
LZTS1_E360Q,0
LZTS1_V497I,0
LZTS1_R75W,0
LZTS1_E305Q,0
LZTS1_L567V,0
LZTS1_H30N,0
LZTS1_N111S,0
LZTS1_V531M,0
LZTS1_T422M,0
LZTS1_R176Q,0
LZTS1_R282C,0
LZTS1_E495K,0
LZTS1_A584T,0
MALT1_K226R,0
MALT1_R217G,0
MALT1_I641V,0
MALT1_A785V,0
MALT1_D73E,0
MALT1_P168T,0
MATN4_P32L,0
MATN4_R164S,0
MCM5_Q125H,0
MCM5_V258I,0
MCM5_Q548L,0
MCM5_V711A,0
MCM5_T180S,0
MCM5_T199I,0
MCM5_R112Q,0
MCM5_K129N,0
MCM5_S542R,0
MCM5_I469V,0
MCM5_R176H,0
MCM5_V106A,0
MCM7_E591D,0
MCM7_R114Q,0
MCM7_Y539C,1
MCM7_G259A,1
MCM8_I138M,0
MCM8_A98P,0
MCM8_L109V,0
MCM8_N183S,0
MCM8_L282F,0
MCM8_I717V,0
MCM8_I141V,0
MCM8_C155Y,0
MECR_G232E,1
MECR_R258W,1
MECR_A277V,0
MECR_R258L,0
MECR_E179K,0
MECR_F96L,0
MECR_T372A,0
MED9_Q22P,0
MEIOB_D212N,0
MEIOB_S176L,0
MEIOB_D318Y,0
MEIOB_I261T,0
MEIS2_Q322L,1
MEIS2_P302L,1
MEIS2_N329K,1
MEIS2_A293P,1
MEIS2_G194S,0
MEIS2_R331K,1
MEIS2_V323G,1
MEIS2_E306K,1
MEIS2_Y303N,1
MEIS2_R333S,1
MEIS2_N329S,1
MEIS2_A68S,0
MEIS2_M472I,0
MEIS2_G389A,0
MFAP5_M1T,1
MIPEP_D120N,1
MIPEP_E602K,0
MIPEP_H248R,0
MIPEP_N224S,0
MIPEP_D207N,0
MIPEP_A16S,0
MIPEP_R662H,0
MIPEP_R62C,0
MIPEP_R94C,0
MIPEP_A642T,0
MIPEP_V172M,0
MIPEP_L420P,1
MIPEP_R340Q,0
MIPEP_S488G,0
MIPEP_S288R,0
MIPEP_G297A,1
MIPEP_R476H,0
MKRN3_C109Y,1
MKRN3_A440T,0
MKRN3_P486R,0
MKRN3_G142A,0
MKRN3_N325S,0
MKRN3_P152L,0
MMP14_A4T,0
MMP14_I233V,0
MMP14_R408Q,0
MMP14_R431H,0
MMP14_A37P,0
MMP14_D273N,0
MMP14_P8S,0
MMP14_G100A,0
MMP14_M355I,0
MOCOS_A281V,0
MOCOS_A297V,0
MOCOS_N437D,0
MOCOS_R489C,0
MOCOS_L575P,0
MOCOS_E759G,0
MOCOS_V867M,0
MOCOS_M439T,0
MOCOS_M73T,0
MOCOS_R223W,0
MOCOS_G506W,0
MOCOS_A561T,0
MOCOS_R144H,0
MOCOS_S22R,0
MOCOS_S120N,0
MOCOS_T170I,0
MOCOS_S184G,0
MOCOS_H225R,0
MOCOS_V358M,0
MOCOS_S530L,0
MOCOS_H703N,0
MOCOS_V867A,0
MOCOS_R801H,0
MORC2_R266S,1
MORC2_V682I,0
MORC2_N209S,0
MORC2_E163D,0
MORC2_N904S,0
MORC2_H376Q,0
MORC2_R893H,0
MORC2_S785L,0
MORC2_C407Y,1
MORC2_R132L,1
MORC2_A406V,1
MORC2_A88V,1
MORC2_R585H,0
MORC2_E27K,1
MORC2_V413F,1
MORC2_T24I,1
MORC2_S388R,1
MORC2_G98R,1
MORC2_E236A,1
MORC2_A431V,1
MORC2_S902T,0
MORC2_S773L,0
MORC2_V873L,0
MORC2_E708D,0
MORC2_R132H,1
MORC2_T424A,1
MORC2_I647T,0
MORC2_S87P,1
MORC2_S106L,1
MORC2_D1011N,1
MORC2_D466N,1
MPP3_R543Q,0
MSH5_P29S,0
MSH5_C580G,0
MSH5_R322C,1
MSMO1_N124S,0
MSMO1_P126A,0
MSMO1_V204M,0
MSMO1_K99R,0
MSMO1_E5Q,0
MSTO1_L108F,0
MSTO1_Q98R,0
MSTO1_I421V,0
MSTO1_C443R,0
MSTO1_D236H,1
MSTO1_P476S,0
MSTO1_P41T,0
MSTO1_K529R,0
MSTO1_D531N,0
MSTO1_Y278C,0
MSTO1_V288M,0
MSTO1_S315N,0
MSTO1_M1L,1
MSTO1_A148T,0
MSTO1_R256Q,1
MSX1_A29V,0
MSX1_M43L,0
MSX1_A32V,0
MSX1_P73L,0
MSX1_P260T,0
MSX1_G22D,0
MSX1_K51E,0
MSX1_A274V,0
MSX1_A40G,0
MSX1_G30D,0
MSX1_G26A,0
MSX1_S210N,0
MTHFS_E198K,0
MTHFS_T202A,0
MTHFS_R34L,0
MTHFS_A5V,0
MTHFS_V119L,0
MTHFS_S12R,0
MTHFS_S8G,0
MTSS2_R671W,1
MYD88_T202P,0
MYD88_R180W,0
MYD88_A132T,0
MYL1_M163R,1
MYL1_V11A,0
MYL4_N186Y,0
MYL4_F56S,0
MYL4_F113L,0
MYMK_G100S,1
MYMK_L102P,1
MYO16_A542T,0
MYO1E_D185G,0
MYO1E_P1049H,0
MYO1E_I288V,0
MYO1E_L687S,1
MYO1E_D1079G,0
MYO1E_R994C,0
MYO1E_N984S,0
MYORG_R441G,1
MYORG_M35V,1
MYORG_F385Y,0
MYORG_R199S,0
MYORG_D53E,0
MYORG_M355R,0
MYRF_N400K,1
MYRF_A723T,0
MYRF_L692V,1
MYRF_A681D,1
MYRF_R920H,0
MYRF_E700K,1
MYRF_T97P,0
MYRF_V1073M,0
MYSM1_R766C,0
MYSM1_K306T,0
MYSM1_L289F,0
MYSM1_G170S,0
MYSM1_G25D,0
MYSM1_E825K,0
MYSM1_P760L,0
MYSM1_S555L,0
MYSM1_T264A,0
MYSM1_C200S,0
MYSM1_K194E,0
MYSM1_Q639R,0
NACC1_R298W,1
NACC1_R45W,1
NACC1_T208M,0
NACC1_A488T,0
NACC1_A237V,0
NACC1_S514G,0
NACC1_E291D,0
NACC1_D462N,1
NACC1_T168M,0
NACC1_T393M,0
NACC1_S173L,0
NACC1_K452R,0
NACC1_R435H,1
NACC1_A519V,0
NACC1_V163M,0
NACC1_T87M,0
NACC1_A135V,0
NACC1_K478R,0
NACC1_P161S,0
NACC1_P242S,0
NACC1_A321T,0
NACC1_I334F,0
NACC1_G238E,0
NACC1_V389I,0
NACC1_S151L,0
NACC1_T262S,0
NACC1_G197S,0
NACC1_V235M,0
NACC1_V94M,0
NACC1_G292S,0
NACC1_M203I,0
NACC1_M306K,0
NACC1_P209T,0
NACC1_R354H,0
NACC1_R333H,1
NAT8_H28Q,0
NAT8_M121T,0
NAT8_R23Q,0
NAT8_R150G,0
NAT8_M191L,0
NBEA_G1967R,1
NBEA_I2347V,0
NBEA_S1694N,0
NBEA_Q1777H,0
NBEA_A1778T,0
NBEA_V2417I,0
NBEA_R1278Q,0
NBEA_D1298E,1
NBEA_M1339I,1
NBEA_I2501V,0
NBEA_D319Y,1
NBEA_S2424I,0
NBEA_R1292Q,0
NBEA_S1802C,0
NBEA_M737L,0
NBEA_A25T,0
NBEA_D1698G,0
NBEA_K1275R,0
NBEA_L1445I,0
NBEA_I1614M,0
NBEA_L571V,0
NCF1_R42W,1
NDST1_I25V,0
NDST1_T701S,0
NDST1_A254T,0
NDST1_A347T,0
NDST1_N476S,0
NEK9_L303P,1
NEK9_G43A,0
NEK9_L962F,0
NEK9_R786Q,0
NEK9_P828T,0
NEK9_D84N,0
NEK9_S20N,0
NEK9_A376T,0
NEK9_G755S,0
NEK9_R429H,0
NEK9_E73D,1
NEK9_R701W,1
NEPRO_E133K,0
NEPRO_L145F,1
NEPRO_V297I,0
NEPRO_F357I,0
NFIB_K114T,1
NFIB_K126E,1
NFIB_L132P,1
NFIB_R39C,1
NFIB_A28V,1
NFIB_K114E,1
NFIB_P319T,0
NFIB_V257L,0
NFIB_R85L,0
NFKB1_I552V,0
NFKB1_A36P,0
NFKB2_S870N,1
NFKB2_E14K,0
NFKB2_P430S,0
NFKB2_R609Q,0
NFKB2_D723N,0
NFKB2_G784R,0
NFKB2_L705V,0
NFKB2_A750V,0
NID1_M1K,1
NID1_L1163V,0
NID1_T780P,0
NID1_R735H,0
NID1_Y709C,0
NID1_R335H,0
NID1_R302H,0
NID1_T1226I,0
NID1_A932V,0
NID1_Q669R,0
NID1_R387H,0
NID1_V160M,0
NID1_R31L,0
NID1_K970E,0
NID1_T733N,0
NID1_Q1246R,0
NID1_V246I,0
NID1_Q807H,0
NID1_I130V,0
NID1_N213S,0
NID1_R838H,0
NID1_T84M,0
NKAP_R333Q,1
NKAP_R330H,1
NKAP_M321V,1
NKAP_S265N,0
NLRP1_A66V,1
NLRP1_P1214R,1
NLRP1_M1184V,0
NLRP1_M1184T,0
NLRP1_Q533H,0
NLRP1_H1069Y,0
NLRP1_G106R,0
NLRP1_V1231I,0
NLRP1_I601F,0
NLRP1_Q397E,0
NLRP1_G354D,0
NLRP1_L283F,0
NLRP1_R947S,0
NLRP1_I448V,0
NLRP1_V803I,0
NLRP1_F629L,0
NLRP1_R404Q,0
NLRP1_R149T,0
NLRP1_V136I,0
NLRP1_G388E,0
NLRP1_R308Q,0
NLRP1_F274L,0
NLRP1_T246A,0
NLRP1_R1366C,0
NLRP1_V1241L,0
NLRP1_M1119V,0
NLRP1_V1059M,0
NLRP1_T995I,0
NLRP1_V939M,0
NLRP1_T878M,0
NLRP1_R836H,0
NLRP1_T782S,0
NLRP1_T246S,0
NLRP1_V412I,0
NLRP1_G385R,0
NLRP1_R35G,0
NLRP1_V1125I,0
NOL3_G111S,0
NPRL2_R221H,0
NPRL2_M1I,1
NPRL2_R78C,1
NPRL2_G4S,0
NR1H3_G52V,0
NTNG2_R45H,0
NTNG2_F141S,1
NTNG2_T346A,0
NUP85_R645W,1
NUP85_A581P,1
NUP85_T248A,0
NUP85_A275T,0
NUP85_V16M,0
NUP85_D555N,0
NUP85_P126S,0
NUP93_E779K,0
NUP93_T239M,0
NUP93_R486C,0
NUP93_K633Q,0
NUP93_R781H,0
NUP93_Q264E,0
NUP93_I583M,0
NUP93_A470V,0
NUP93_I71V,0
NUP93_T791A,0
ODAPH_S93P,0
ODAPH_R109H,0
OGG1_H328R,0
OGG1_S118P,0
ORC4_M1V,1
ORC4_H319R,1
ORC4_S8T,0
OSGEP_R325Q,1
OSGEP_C110R,1
OSGEP_I14F,1
OSGEP_R280H,1
OSGEP_R280C,1
OSGEP_R247Q,1
OSGEP_K78E,1
OSGEP_V107M,1
OSGEP_E223K,0
OSGEP_I53F,1
OSGEP_N27K,1
OSGEP_S232Y,1
OSGEP_R280L,1
OSGEP_G187V,1
OSGEP_T287I,0
OSMR_E388K,0
OSMR_S202C,0
OSMR_Y364H,0
OSMR_V169I,0
OSMR_A950E,0
OSMR_R405Q,0
OSMR_V506I,0
OSMR_D627E,0
OSMR_S800T,0
OSMR_M883V,0
OSMR_P960L,0
OSMR_A524G,0
P2RX7_R578Q,0
P2RX7_R270C,0
P2RX7_R307Q,0
P2RX7_V522I,0
P2RX7_Y288H,0
P2RX7_L320P,0
P3H2_G390E,0
P3H2_N503S,0
P3H2_A528T,0
P3H2_V470I,0
P3H2_T173R,0
P3H2_E408K,0
P3H2_R297C,0
P3H2_E261V,0
P3H2_R127C,0
P3H2_A105T,0
P3H2_N190D,0
P4HTM_P413L,1
PACS2_E209K,1
PACS2_D287H,0
PACS2_R358W,0
PACS2_A341T,0
PACS2_T185A,0
PACS2_V152M,0
PACS2_P460L,0
PACS2_R358Q,0
PACS2_R236Q,0
PACS2_M305V,0
PACS2_V217M,0
PACS2_R458C,0
PACS2_D266E,0
PACS2_P380L,0
PACS2_V264A,0
PACS2_L269P,0
PACS2_G189S,0
PACS2_S176N,0
PACS2_T402M,0
PACS2_A712T,0
PACS2_A166V,0
PACS2_S329L,0
PACS2_I113M,0
PACS2_M305T,0
PACS2_A15V,0
PACS2_S61A,0
PACS2_A162T,0
PACS2_E283G,0
PACS2_E355K,0
PACS2_R342C,0
PACS2_A276T,0
PACS2_S85N,0
PACS2_T27A,0
PACS2_M245V,0
PACS2_V164F,0
PACS2_A712V,0
PACS2_S43N,0
PACS2_P724L,0
PACS2_S327L,0
PACS2_G746R,0
PACS2_L621V,0
PACS2_A216T,0
PACS2_D221N,0
PACS2_T185P,0
PACS2_R463W,0
PACS2_D183G,0
PACS2_G230R,0
PADI3_L112H,1
PADI3_R210W,1
PADI3_R557W,1
PADI3_R652K,1
PANX1_T396M,0
PANX1_K155N,0
PANX1_V290M,0
PANX1_V378A,0
PANX1_I272V,0
PANX1_Q5H,0
PANX1_E390D,0
PANX1_A160V,0
PARN_K59R,1
PARN_G581R,0
PARN_V564I,0
PARN_S368C,0
PARN_V293I,0
PATL2_Y217N,1
PATL2_L189R,1
PATL2_M88V,0
PATL2_L426F,0
PATL2_R237Q,0
PAX1_Q375E,0
PAX1_R36G,0
PAX1_A229S,0
PAX1_D322N,0
PAX1_P404A,0
PAX1_A11V,0
PAX1_L33P,0
PAX1_P453S,0
PAX1_P394Q,0
PBX1_R234P,1
PBX1_R235Q,1
PBX1_R234Q,1
PBX1_C273Y,1
PBX1_R235W,1
PBX1_Q279R,1
PBX1_S254P,1
PBX1_G31V,0
PBX1_C273R,1
PBX1_R290W,1
PBX1_G21S,0
PBX1_R107Q,1
PBX1_Y253S,1
PBX1_A63S,0
PCGF2_P65L,1
PCGF2_P65S,1
PCGF2_P65R,1
PCGF2_N220Y,0
PCGF2_A280V,0
PCGF2_E200K,0
PCGF2_P231L,0
PCGF2_A313V,0
PCGF2_R182C,0
PCGF2_R114C,0
PCGF2_V340M,0
PCGF2_R45H,0
PCGF2_R94Q,0
PCGF2_N111S,0
PCGF2_T281P,0
PCGF2_T49S,0
PCNA_C148S,1
PDGFB_M1R,1
PDGFB_R224W,0
PDGFB_T212M,0
PDGFB_R46H,0
PDGFB_G53R,0
PDGFB_C12F,0
PDGFB_I88V,0
PDGFB_T99M,0
PDGFB_M1V,1
PDGFB_T171M,1
PDGFB_R216H,0
PDIA3_A19V,0
PDXK_N75K,1
PDXK_S125L,0
PDXK_M74V,0
PER3_I351V,0
PGAP1_Q585E,0
PGAP1_T883A,0
PGAP1_A63T,0
PGAP1_I104V,0
PGAP1_P912S,0
PGAP1_A541T,0
PGAP1_V670I,0
PGAP2_M1R,1
PGAP2_R18C,0
PGAP2_M1V,1
PGAP2_I38V,0
PGK1_S62N,1
PGK1_K246E,0
PGK1_N180S,0
PGK1_V278M,0
PGK1_P80S,0
PGK1_D315N,1
PGK1_A354P,1
PGK1_K184N,0
PGK1_H125Q,0
PGK1_C99R,0
PGK1_K48R,0
PGK1_L119P,0
PGK1_V140I,0
PGK1_N225S,0
PGK1_W311C,0
PGK1_S305C,0
PGK1_T385M,0
PGK1_V14L,0
PGK1_F49Y,0
PIAS1_A445V,0
PIGB_R232H,1
PIGB_K551T,0
PIGB_W299L,0
PIGB_F327L,0
PIGB_L324S,0
PIGB_P460L,0
PIGB_M162T,0
PIGB_S502G,0
PIGB_R52H,0
PIGB_I68L,0
PIGB_E166G,0
PIGG_A53D,0
PIGG_A656V,0
PIGG_S55Y,0
PIGG_L463V,0
PIGG_S484L,0
PIGG_S717Y,0
PIGG_A295S,0
PIGG_A507V,0
PIGG_E644K,0
PIGG_V731I,0
PIGG_R735Q,0
PIGG_A864G,0
PIGG_P543R,0
PIGG_M960T,0
PIGG_G739R,0
PIGG_S237R,0
PIGG_V531M,0
PIGG_M1V,1
PIGG_F8L,0
PIGG_V521M,0
PIGG_R760H,0
PIGG_G532R,0
PIGG_I964T,0
PIGG_T93A,0
PIGG_R458H,0
PIGG_C610R,0
PIGG_V699I,0
PIGG_I881T,0
PIGG_F932S,0
PIGG_G603S,0
PIGH_S103P,1
PIGM_M1T,1
PIGM_N384D,0
PIGM_F365L,0
PIGM_P348S,0
PIGP_M1T,1
PIGP_Y94C,0
PIGS_L34P,1
PIGS_E308G,1
PIGS_A344S,0
PIGS_R253H,0
PIGS_R185C,0
PIGU_V344M,0
PIGU_G333E,0
PIGU_N103S,0
PIGW_H235Q,0
PIGW_R154G,1
PIGW_G85S,0
PIGW_V378L,0
PIGW_H327R,0
PIGW_N126D,0
PIGW_C103W,0
PIGW_I393T,0
PJVK_P281S,0
PJVK_D29E,0
PJVK_L224R,1
PJVK_H294D,1
PLCD1_G299S,0
PLCD1_R293C,0
PLCD1_A266V,0
PLCD1_R80H,0
PLCD1_R257H,0
PLCD1_D231N,0
PLCD1_I353V,0
PLCD1_P617S,0
PLCZ1_I120M,0
PLCZ1_R316H,0
PLOD3_H510Y,0
PLOD3_D382H,0
PLOD3_R468G,0
PLOD3_P270L,1
PLOD3_E560Q,0
PLOD3_T247M,0
PLOD3_I179V,0
PLOD3_A439T,0
PLOD3_T635I,0
PLOD3_L330V,0
PLOD3_H586D,0
PLOD3_T629M,0
PLOD3_R297Q,0
PLOD3_N271S,0
PLOD3_S346F,0
PLOD3_A151V,0
PLOD3_R135C,0
PLOD3_G70D,1
PLOD3_N283D,0
PLVAP_P396L,0
PLVAP_R316W,0
PLVAP_F147L,0
PLVAP_Q374P,0
PLVAP_A438V,0
PLVAP_R204Q,0
PLVAP_A266P,0
PLVAP_Q330E,0
PLVAP_A347V,0
PLVAP_A311V,0
PLVAP_K391R,0
PLVAP_H208Q,0
PLVAP_M397I,0
POC1A_D124N,1
POC1A_V22F,1
POC1A_T282M,0
POC1A_S72L,0
POC1A_A204T,0
POC1A_M1V,1
POC1A_Y192C,0
POC1B_S478I,0
POC1B_T270M,0
POC1B_Q225E,0
POC1B_R106Q,0
POC1B_V217A,0
POC1B_S420T,0
POC1B_M362T,0
POC1B_C200Y,0
POC1B_V84M,0
POC1B_V66M,0
POC1B_C233R,0
POC1B_N190H,0
POC1B_T119I,1
PPCS_E233V,1
PRDM8_P464S,0
PRDM8_P241Q,0
PRDM8_A483S,0
PRDM8_G304R,0
PREX2_A1119T,1
PREX2_V537I,0
PREX2_R1394W,0
PREX2_S977L,0
PRKDC_N3459S,0
PRKDC_I680M,0
PRKDC_R2899C,0
PRKDC_Q1603H,0
PRKDC_P695S,0
PRKDC_M333I,0
PRKDC_G3404E,0
PRKDC_P3201S,0
PRKDC_N1071S,0
PRKDC_A6S,0
PRKDC_I3434T,0
PRKDC_S2023P,0
PRKDC_L3562M,0
PRKDC_G3149D,0
PRKDC_L1532F,0
PRKDC_F446L,0
PRKDC_C2469R,0
PRKDC_T605S,0
PRKDC_L3073F,0
PRKDC_R1034Q,0
PRKDC_L3584F,0
PRKDC_V291M,0
PRKDC_E4017Q,0
PRKDC_H1465R,0
PRKDC_N1946S,0
PRKDC_P3836L,0
PRKDC_T3198S,0
PRKDC_M238V,0
PRKDC_A1441T,0
PRKDC_G1314V,0
PRKDC_L2625P,0
PRKDC_E1581A,0
PRKDC_S1882F,0
PRKDC_V1434I,0
PRKDC_V3793I,0
PRKDC_R1245W,0
PRKDC_R1245Q,0
PRKDC_S3779F,0
PRKDC_L1066F,0
PRKDC_L1220I,0
PRKDC_P3836S,0
PRKDC_V3793A,0
PRKDC_I1106T,0
PRKDC_E1214K,0
PRKDC_R1447K,0
PRKDC_S104C,0
PRKDC_G1314C,0
PRKDC_P1379L,0
PRKDC_V174I,0
PRKDC_P1810L,0
PRKDC_G1548S,0
PRKDC_N1946D,0
PRKDC_L220V,0
PRKDC_A2317V,0
PRKDC_F2413L,0
PRKDC_G31S,0
PRKDC_N250D,0
PRKDC_P2887L,0
PRKDC_D2724E,0
PRKDC_A2681V,0
PRKDC_Q3123R,0
PRKDC_G3106C,0
PRKDC_E584Q,0
PRKDC_M602V,0
PRKDC_V439M,0
PRKDC_S47G,0
PRKDC_G594E,0
PRKDC_S537C,0
PRKDC_N3590D,0
PRKDC_T673A,0
PRKDC_V745I,0
PRKDC_I778V,0
PRKDC_P3702L,0
PRKDC_I91V,0
PRKDC_Y701H,0
PRKDC_C10G,0
PRKDC_M948I,0
PRKDC_V1195I,0
PRKDC_Y1332N,0
PRKN_G284R,1
PRKN_M192L,0
PRKN_P153R,0
PRKN_Q34R,0
PRKN_A46T,0
PRKN_M1V,1
PRKN_R33Q,1
PRKN_T415N,1
PRKN_C253Y,1
PRKN_R42P,1
PRKN_V248I,0
PRKN_M1T,1
PRKN_M434T,1
PRKN_C441R,1
PRKN_R42C,0
PRKN_C418R,1
PRKN_G359D,0
PRKN_V380L,0
PRKN_R396G,0
PRKN_V380I,0
PRLR_L284W,1
PRLR_G538R,0
PROK2_P111Q,0
PRRX1_R62Q,0
PRRX1_S104G,0
PTH2R_A479T,0
PTPRT_V69A,1
PTPRT_V933L,0
PTPRT_A813T,0
PTPRT_V998A,0
PTPRT_A1235T,0
PTPRT_V396I,0
PTPRT_T1249A,0
PUS3_M1V,1
PUS3_R53H,0
PUS3_G47R,0
PUS3_G422R,0
PUS3_C114R,1
PUS3_E460D,0
PUS3_P179S,0
PUS3_A46S,0
PUS3_Y3D,0
PUS3_M408I,0
PUS3_A202G,0
PUS3_Q135H,0
PUS7_D503Y,1
PUS7_E180K,0
PUS7_I167V,0
PYGB_A57G,0
RAC1_N39S,1
RAC1_C157Y,1
RAC1_Y64D,1
RAC1_V51M,1
RAC1_V51L,1
RAC1_R66S,1
RAC1_W56C,1
RAC1_P73L,1
RAC1_L165V,1
RAC1_Y64C,1
RAC1_A95V,0
RAC1_S71F,1
RAC1_Y64H,1
RAD51_A293T,1
RAD51_P286L,1
RAD51_E258K,1
RAD51_A55V,0
RAD51_G179S,0
RAD51_S233L,0
RAD51_P56S,0
RALA_V25M,1
RALA_D130E,1
RALA_V25L,1
RALA_K128R,1
RALA_A2T,0
RALA_S157F,1
RALA_A158T,1
RALA_D170Y,0
RALA_V154M,0
RASA3_V336I,0
RASA3_V519I,0
REC8_R219Q,0
REEP6_L135P,1
REEP6_I184T,0
REEP6_A150D,0
REEP6_V41I,0
REEP6_R138H,0
REPS1_A113E,1
REPS1_P686S,0
REPS1_V717I,0
REPS1_E679D,0
REPS1_P597S,0
REPS1_T148M,0
REPS1_P398S,0
REPS1_Q645R,0
REPS1_P657L,0
RHAG_T28M,0
RHAG_A204V,0
RHD_Q262R,0
RHEB_Y35C,1
RHEB_E40V,1
RHEB_Y35S,1
RHOA_E47K,1
RHOA_R70G,1
RNF13_V173I,0
RNF13_D340N,0
RNF13_D160G,0
RNF13_V95L,0
RNF13_R219C,0
RNF6_R572Q,0
RNF6_T190A,0
RNF6_A542D,0
RNF6_R252H,0
ROBO4_D622H,1
ROBO4_H411Q,1
ROBO4_Y280S,1
ROBO4_V247A,1
ROBO4_T232M,1
ROBO4_A95T,1
ROBO4_R776C,0
ROBO4_R669Q,0
ROBO4_L563F,0
ROBO4_R380C,0
ROBO4_L105P,0
ROBO4_R606H,0
ROBO4_Q54R,0
ROBO4_G662D,0
ROBO4_E509K,0
ROBO4_R96Q,0
ROBO4_R712H,0
ROS1_N1090I,0
ROS1_S648F,0
RRAS2_A70T,1
RRAS2_G23V,1
RRAS2_G23C,1
RRAS2_G71E,1
RRAS2_T138S,0
RRAS2_G23D,1
RRAS2_G23S,1
RSPO2_L186P,0
RSPO2_H149L,0
RSPO4_R106Q,0
SAMD9_E1368K,0
SAMD9_R459Q,1
SAMD9_R1293W,1
SAMD9_R685Q,1
SAMD9_I332T,0
SAMD9_V807I,1
SAMD9_E974K,1
SAMD9_M1T,1
SAMD9_R982H,1
SAMD9_I1578T,0
SAMD9_A1556T,0
SAMD9_N1003S,0
SAMD9_E1521K,0
SAMD9_K894E,0
SAMD9_S86F,0
SAMD9_H32L,0
SAMD9_G952R,0
SAMD9_E1356G,0
SAMD9_F1271S,0
SAMD9_P1400S,1
SAMD9_R982C,1
SAMD9_R106C,0
SAMD9_T932I,1
SAMD9_F437C,1
SAMD9_R75W,0
SAMD9_D881G,0
SAMD9_V549L,0
SAMD9_T479M,0
SAMD9_A454T,0
SAMD9_N449S,0
SAMD9_I143T,0
SAMD9_I618T,1
SAMD9_R824Q,1
SAMD9_H1470Y,1
SAMD9_T767K,1
SAMD9_E898A,0
SAMD9_M1471I,0
SAMD9_R75Q,0
SAMD9_R174H,0
SAMD9_I1365T,0
SAMD9_A370V,0
SAMD9_A376T,0
SAMD9_F882V,1
SAMD9_D805G,1
SAMD9_G952A,0
SAMD9_C283R,0
SAMD9_G1564S,1
SASH1_Y551D,1
SASH1_L515P,1
SASH1_E509K,1
SASH1_S519N,1
SASH1_S507A,1
SASH1_Y551H,1
SASH1_R1229I,0
SASH1_R820Q,0
SASH1_S1028R,0
SASH1_R1089Q,0
SASH1_Q110E,0
SASH1_Q884R,0
SASH1_G921S,0
SASH1_T525I,1
SETD2_R1740W,1
SETD2_D1616V,1
SETD2_R1297H,0
SETD2_N2058S,0
SETD2_K926E,0
SETD2_V267I,0
SETD2_A197V,0
SETD2_T2354A,0
SETD2_T2037A,0
SETD2_P1141L,0
SETD2_L578F,0
SETD2_L222I,0
SETD2_P193L,0
SETD2_V2229G,0
SETD2_P167L,0
SETD2_S112L,0
SETD2_Y2152C,0
SETD2_M1889T,0
SETD2_T159A,0
SETD2_P226A,0
SETD2_I2295M,0
SETD2_N801S,0
SETD2_K818Q,0
SETD2_V765G,0
SETD2_T691I,0
SETD2_Q2365E,0
SETD2_H1284N,0
SETD2_S705A,0
SETD2_G933V,0
SETD2_A2350T,0
SETD2_E986K,0
SETD2_M1K,0
SETD2_R472H,0
SETD2_N1943K,0
SETD2_R1850P,0
SETD2_R433C,0
SETD2_R402Q,0
SETD2_S2154C,0
SETD2_S1572L,0
SETD2_N1214D,0
SETD2_I635V,0
SETD2_I2005V,0
SETD2_T1951A,0
SETD2_E1142D,0
SETD2_K772E,0
SETD2_S2079N,0
SETD2_F341I,0
SETD2_I812T,0
SETD2_K11N,0
SETD2_T1866A,0
SETD2_R541P,0
SETD2_N535D,0
SETD2_N2114K,0
SETD2_D2007N,0
SETD2_S1417I,0
SETD2_P1226L,0
SETD2_S1051L,0
SETD2_P677S,0
SETD2_P617T,0
SETD2_G597D,0
SETD2_T444M,0
SETD2_G2041R,0
SETD2_Q1996R,0
SETD2_N1375S,0
SETD2_H1250D,0
SETD2_E1201Q,0
SETD2_R493Q,0
SETD2_R471K,0
SETD2_R329W,0
SETD2_R400Q,0
SETD2_L1837S,0
SETD2_G1717E,0
SETD2_N1396S,0
SETD2_D1307Y,0
SETD2_Y1205C,0
SETD2_P971R,0
SETD2_S771C,0
SETD2_K146Q,0
SETD2_K2105E,0
SETD2_T330N,0
SETD2_T2421A,0
SETD2_S2104A,0
SETD2_D1354N,0
SETD2_Y1278C,0
SETD2_D699G,0
SETD2_D2000G,0
SETD2_I2355V,0
SETD2_I2295V,0
SETD2_A2242T,0
SETD2_H1096R,0
SETD2_S1091R,0
SETD2_E639K,0
SETD2_P617L,0
SETD2_R541Q,0
SETD2_T468I,0
SETD2_N811D,0
SETD2_R1740Q,1
SETD2_E1029D,0
SETD2_G1279E,0
SETD2_E2542A,0
SETD2_S654C,0
SETD2_T217K,0
SETD2_T2561I,0
SETD2_G675E,0
SETD2_I1153T,0
SETD2_E1718K,1
SETD2_Q2290L,0
SETD2_A2350E,0
SETD2_P133T,0
SETD2_L514I,0
SETD2_K2550T,0
SETD2_R949M,0
SETD2_Q1926R,0
SETD2_D2004G,0
SETD2_K57R,0
SETD2_Q2335R,0
SETD2_N1488K,0
SGO1_V171A,0
SGO1_Q322P,0
SGO1_Y309C,0
SGPL1_R222Q,1
SGPL1_A492T,0
SGPL1_P565S,0
SGPL1_Y416C,1
SGPL1_V21L,0
SGPL1_V294I,0
SGPL1_Q89H,0
SGPL1_Y15C,0
SH2B3_T165S,0
SH2B3_E395K,1
SH2B3_R508Q,0
SH2B3_P344L,0
SH2B3_F182L,0
SH2B3_W262R,0
SH2B3_I257T,0
SH2B3_L476F,0
SH2B3_M1V,1
SH2B3_A38T,0
SIN3A_M1156L,0
SIN3A_K448R,0
SIN3A_T350S,0
SIN3A_P279L,0
SIN3A_I288V,0
SIN3A_P68S,0
SIN3A_L669H,1
SIN3A_L669F,1
SIN3A_D1060G,1
SIN3A_R616C,1
SIN3A_L793P,1
SIN3A_T629A,1
SIN3A_P270A,0
SIN3A_I672L,0
SIN3A_K784R,0
SIX2_A254T,1
SIX2_P241L,0
SIX2_V255A,0
SIX2_H42Q,0
SNIP1_N193K,0
SNIP1_R190C,0
SNIP1_R116Q,0
SNIP1_S35N,0
SNIP1_A174V,0
SNIP1_R187Q,0
SNIP1_H132Q,0
SNX14_Y397C,0
SNX14_Q88H,0
SNX14_S303R,0
SOX11_R64G,1
SOX11_R100P,1
SOX11_K108E,1
SOX11_Y118S,1
SOX11_A102V,1
SOX11_P120L,1
SOX11_K108T,1
SOX11_R337G,1
SOX11_R51Q,1
SOX11_F56L,1
SOX11_S80F,1
SOX11_R119W,1
SOX11_F56C,1
SOX11_M57T,1
SOX11_M53I,1
SOX11_I49S,1
SOX11_G84R,1
SOX11_G155D,0
SOX11_D197H,0
SOX11_K88E,1
SOX11_R64P,1
SOX11_R51L,1
SOX11_P52L,1
SOX11_M53R,1
SOX11_M53V,1
SOX11_R64S,1
SOX11_R64L,1
SOX11_H75D,1
SOX11_G84S,1
SOX11_W87R,1
SOX11_R106P,1
SOX11_H109P,1
SOX11_Y113H,1
SOX11_P120H,1
SOX11_I49N,1
SOX11_K50N,1
SOX11_K50Q,1
SOX11_R51G,1
SOX17_E152D,0
SOX17_A160V,0
SOX17_Y135C,1
SOX17_L156P,0
SOX17_A33D,0
SOX17_A175T,0
SOX17_M199L,0
SOX17_M270L,0
SOX17_D359E,0
SOX17_P263L,0
SOX30_Q563P,0
SOX30_S560L,0
SOX30_L540P,0
SOX30_L131R,0
SOX4_F66L,1
SOX4_L28V,0
SOX4_W97G,1
SOX4_A316V,0
SOX4_A336G,0
SPART_V647M,0
SPART_V505I,0
SPART_V599L,0
SPI1_H211P,1
SPI1_V241G,1
SPOP_E160K,1
SPOP_R99W,1
SPOP_R121Q,1
SPOP_D144N,1
SPOP_G132V,1
SPOP_R138C,1
SPOP_Y83C,1
SPOP_L86P,1
SPOP_G75R,1
SPOP_F104L,1
SPOP_V299M,0
SPOP_N72K,1
SRP54_G226E,1
SRP54_G113R,1
SRP54_G111R,1
SRP54_S410A,0
SRP54_Y125F,0
SRPX_P225S,0
ST14_I152V,0
ST14_T350A,0
ST14_G577R,0
ST14_P786L,0
ST14_R171H,0
ST14_R345H,0
ST14_R184W,0
ST14_R470C,0
ST14_R381S,0
ST14_M285I,0
ST14_R85H,0
ST14_K590N,0
ST14_T619M,0
ST14_R336K,0
ST14_A247T,0
STAG2_R862G,1
STAG2_Y159C,1
STAG2_R560K,0
STAG2_V181M,0
STAG2_Q728H,1
STAG2_M1057V,0
STAG2_F999C,1
STAG2_I314V,0
STAG2_R617W,0
STAG2_S1078P,0
STAG2_D818E,0
STAG2_E403D,0
STAG2_Q352E,0
STAG2_C711Y,0
STAG2_I1060V,0
STAT2_G825C,0
STAT2_M594I,0
STAT2_I464V,0
STAT2_Q826H,0
STAT2_T448M,0
STAT2_Q371E,0
STAT2_R92Q,0
STAT2_G526R,1
STON1_G118V,0
STOX1_T188N,0
STOX1_M250V,0
STOX1_G403R,0
STT3A_H46R,1
STT3A_R160Q,1
STT3A_R405C,1
STT3A_R405H,1
STT3A_I84T,1
STT3A_R405S,1
SUZ12_V71M,0
SUZ12_Q411H,0
SUZ12_L660P,1
SVIL_S1209L,1
SVIL_V935I,0
SVIL_T885M,0
SVIL_T1630S,0
SVIL_S1414T,0
SVIL_R215W,0
SVIL_T1713I,0
SVIL_L1554R,0
SVIL_P1235A,0
SVIL_S1688P,0
SVIL_V1041L,0
SVIL_S668L,0
SVIL_V422I,0
SVIL_A2041V,0
SVIL_V1752I,0
SVIL_I2005V,0
SVIL_P275S,0
SVIL_K378T,0
SYT1_I368T,1
SYT1_D364N,1
SYT1_M303K,1
SYT1_D304G,1
SYT1_D366E,1
SYT1_N371K,1
SYT1_R282H,1
SYT1_L159R,1
SYT1_D310N,1
SYT1_S309F,1
SYT1_G307D,1
SYT1_V420A,0
SYT2_S306L,1
TAB2_T292A,0
TAB2_M1V,0
TAB2_P183L,1
TAB2_N337S,0
TAF2_Y552F,0
TAF2_S165N,0
TAF2_T1139A,0
TAF2_S1122N,0
TAF2_S447T,0
TAF2_P8L,0
TAF2_G421E,0
TAF2_P1024A,0
TAPT1_N522S,0
TAPT1_E465K,0
TAPT1_G166C,0
TAPT1_I116L,0
TAPT1_L46R,0
TAPT1_L255F,0
TBATA_R27H,0
TBR1_E223Q,1
TBR1_I225F,1
TBR1_W271R,1
TBR1_W271S,1
TBR1_Q373R,1
TBR1_N385K,1
TBR1_D541N,0
TBR1_P25A,0
TBR1_A643V,0
TBR1_R392W,1
TBR1_A388P,1
TBR1_P175A,0
TBR1_V356M,0
TBR1_D644E,0
TBR1_D376H,1
TBR1_L213H,1
TBR1_G390R,1
TDGF1_D109H,0
TDGF1_R111G,0
TDGF1_V22A,0
TDGF1_Y43D,0
TDGF1_R41Q,0
TEAD1_R217H,0
TEAD1_S233L,0
TECRL_R196Q,1
TECRL_R179H,0
TECRL_P45S,0
TECRL_I25M,0
TFAM_S12T,0
TFAM_E208K,0
TGDS_G15S,0
TGDS_M33V,0
TGDS_T102I,1
THOC2_T696I,1
THOC2_A421T,0
THOC2_I913V,0
THOC2_A1349T,0
THOC2_Y50S,1
THOC2_A648S,1
THOC2_C615Y,1
THOC2_W12R,1
THOC2_Y899H,1
THOC2_R930C,1
THOC2_E940K,1
THOC6_W100R,1
THOC6_G275D,1
THOC6_N219H,0
TKFC_R543I,1
TKFC_G445S,1
TKFC_A185T,0
TMC8_N306I,0
TMC8_G342W,0
TMC8_V501I,0
TMC8_P524L,0
TMC8_R222W,0
TMC8_R76C,0
TMC8_S656N,0
TMC8_M26T,0
TMC8_R223Q,0
TMC8_K272E,0
TMC8_H686P,0
TMX2_R205Q,1
TMX2_R205W,1
TMX2_Y26C,0
TONSL_R934W,1
TONSL_V488M,0
TONSL_S788N,0
TONSL_A478V,0
TONSL_T1217A,0
TONSL_A1188V,0
TONSL_D498N,0
TONSL_P1276L,0
TONSL_F1174L,0
TONSL_S1172G,0
TONSL_Q757E,0
TONSL_A714V,0
TONSL_G493S,0
TONSL_R579H,0
TONSL_E4Q,0
TONSL_E453K,0
TONSL_A215V,0
TONSL_K237R,0
TONSL_T637M,0
TONSL_G1170S,0
TONSL_Q176R,0
TONSL_A893T,0
TONSL_V1318I,0
TONSL_A1184V,0
TONSL_P949Q,0
TONSL_E481K,0
TONSL_R875P,0
TONSL_D650E,0
TONSL_R646C,0
TONSL_V545I,0
TONSL_A723V,0
TONSL_R844H,0
TONSL_G384S,0
TONSL_Q154K,0
TONSL_L1045P,0
TOP1_H81Y,0
TRIP4_N358D,0
TRIP4_A162S,0
TRIP4_N151S,0
TRIP4_H463N,0
TRIP4_W435C,0
TRIP4_S292G,0
TRNT1_P23L,0
TRNT1_P23A,0
TRNT1_A148V,1
TRNT1_I111V,0
TRNT1_F288I,0
TRNT1_R203K,1
TRNT1_K416E,1
TRRAP_E1106K,1
TRRAP_V524M,0
TRRAP_R171C,0
TRRAP_A1043V,1
TRRAP_R1035G,1
TRRAP_E1104G,1
TRRAP_V1030I,1
TRRAP_R1035Q,1
TRRAP_I1031M,1
TRRAP_P1360L,0
TRRAP_R1447H,0
TRRAP_A599T,0
TRRAP_R696H,0
TRRAP_P1364L,0
TRRAP_F541L,0
TRRAP_P1292T,1
TRRAP_L1909R,1
TRRAP_P521L,0
TRRAP_E409D,0
TRRAP_V444I,0
TRRAP_S1399I,0
TRRAP_T10M,0
TRRAP_G1160V,1
TRRAP_M117I,0
TRRAP_K2376R,0
TRRAP_R1472H,0
TRRAP_N1000S,0
TRRAP_A482G,0
TRRAP_E2757D,0
TRRAP_Q1212H,0
TRRAP_E1346D,0
TRRAP_R204H,0
TRRAP_K304R,0
TRRAP_Q299E,0
TRRAP_R616H,0
TRRAP_V926M,0
TRRAP_T53M,0
TRRAP_K968R,0
TTC12_M73L,0
TTC12_N286D,0
TTC12_A347T,0
TTI2_P40S,0
TTI2_G194A,0
TTI2_R344Q,0
TTI2_N46S,0
TTI2_D104N,0
TTI2_T417S,0
TTI2_E63G,0
UBA5_A228V,0
UBA5_S213L,1
UBA5_L254P,1
UBA5_D67N,0
UBA5_R7H,0
UBA5_M1V,1
UCP3_V9M,0
UCP3_R119Q,0
UCP3_T52M,0
UFM1_M1V,1
UGDH_R317Q,1
UGDH_R393W,1
UGDH_A44V,1
UGDH_R141C,0
ULK2_H578R,1
ULK2_R881Q,0
ULK2_S522L,0
UQCC3_W76G,0
UQCC3_G84R,0
UQCC3_G89S,0
UQCC3_T69I,0
UQCC3_G86S,0
USB1_Q250E,0
USB1_H208R,1
USB1_R115K,0
USB1_R219C,0
UTP4_R438H,0
UTP4_V212A,0
UTP4_R636C,0
UTP4_R636H,0
VAC14_S770N,0
VAC14_I120V,0
VAC14_L89F,0
VAC14_S252Y,0
VAMP2_G73W,1
VAMP2_M1V,1
VAMP2_R56L,1
VAX1_A230T,0
VPS51_R490C,1
VSIG2_A260V,0
VSIG2_M298V,0
VWA2_V366M,0
VWA2_R682W,0
VWA2_V483M,0
VWA2_H496Y,0
VWA2_V728L,0
VWA2_I75F,0
VWA2_A645T,0
VWA2_R591W,0
VWA2_A628S,0
WBP2_P54R,1
WBP2_R125Q,0
WBP2_Y170H,0
WDFY3_R2637W,1
WDFY3_T128M,0
WDFY3_G2815V,1
WDFY3_W2204R,1
WDFY3_G2558S,1
WDFY3_S2029F,0
WDFY3_T1496I,0
WDFY3_I2591V,0
WDFY3_I3032V,0
WDFY3_S1293R,1
WDFY3_V2110I,0
WDFY3_Y1246D,0
WDFY3_V381I,0
WDFY3_C1975S,0
WDFY3_P798L,0
WDFY3_R3333H,0
WDFY3_V1408I,0
WDFY3_V1840A,0
WDFY3_I593L,0
WDFY3_S2995C,0
WDFY3_S1942L,1
WDR37_T125I,1
WDR37_S119F,1
WDR37_S129C,1
WDR37_T130I,1
WDR37_S136C,1
WDR37_T125A,1
WDR37_D220G,1
WDR37_D260N,1
WDR37_T180M,0
WDR37_V316I,0
WDR4_R170L,1
WDR4_R170Q,1
WDR4_M346V,0
WDR4_P266S,0
WDR4_R390Q,0
WDR4_K71N,0
WDR4_A24S,0
WDR4_Q289R,0
WDR4_A275T,0
WDR4_V101L,0
WDR4_T199I,0
WDR4_L235P,0
WDR4_A408V,0
WDR73_R256Q,1
WDR73_G310R,0
WDR73_V141I,0
WDR73_R77C,0
WDR73_G295D,1
WDR73_R249H,0
WDR73_D334G,0
WDR73_W233R,0
WNT4_Q148R,0
WNT4_D267E,0
WNT7B_R247W,1
XK_Y370D,0
XK_L206P,0
XK_T340N,0
XPR1_I575V,0
XPR1_T102A,0
XRCC1_R194W,0
XRCC1_T304A,0
XRCC1_P161L,0
XRCC1_T284I,0
XRCC1_V72A,0
XRCC1_R300Q,0
XRCC1_R107H,0
XRCC1_P273L,0
XRCC1_V68M,0
XRCC1_R559Q,0
XYLT2_R563C,1
XYLT2_R387W,1
XYLT2_R120H,0
XYLT2_Q615H,0
XYLT2_R636H,0
XYLT2_V675M,0
XYLT2_R108W,0
XYLT2_T540I,0
XYLT2_R305T,0
XYLT2_D56N,0
XYLT2_A150T,0
XYLT2_P418L,0
XYLT2_E220D,0
XYLT2_R275G,0
YAP1_N299S,0
YAP1_R331W,0
YAP1_N452D,0
YAP1_P278S,0
YAP1_M86T,1
YAP1_T119A,0
ZEB1_M1I,1
ZEB1_N659K,0
ZIC1_T414A,0
ZIC1_P7S,0
ZIC1_L101M,1
ZIC1_L377P,1
ZIC1_H373N,1
ZIC1_L377M,0
ZIC1_A63S,0
ZIC1_G211R,0
ZIC1_A110P,0
ZMIZ1_K91R,1
ZMIZ1_T300M,1
ZMIZ1_P258L,0
ZMIZ1_L695F,1
ZMIZ1_T296I,1
ZMIZ1_A997T,0
ZMIZ1_A626S,0
ZMIZ1_S142N,0
ZMIZ1_P875L,0
ZMIZ1_A1020V,0
ZMIZ1_N415H,0
ZMIZ1_V814A,0
ZMIZ1_P372L,0
ZMIZ1_P989T,0
ZMIZ1_G335R,0
ZMIZ1_S483L,0
ZMIZ1_H1001R,0
ZMIZ1_D1005N,0
ZMIZ1_A260T,0
ZMIZ1_S979C,0
ZMIZ1_T169M,0
ZMIZ1_H964Q,0
ZMIZ1_R47Q,0
ZMIZ1_R711W,0
ZP1_T158I,0
ZP1_A131T,0
ZP2_H74Q,0
ZP2_I154V,0
ZP2_V436I,0
ZP2_E431K,0
ZP2_S743L,0
ZP3_A183T,0
ZP3_S315P,0
ZP3_E377G,0
ZP3_E36D,0
ZP3_P221R,0
ZP3_D88Y,0
ZP3_R371S,0
